INFO:     Will watch for changes in these directories: ['C:\\Projects\\lectio\\apps\\textbook-agent\\backend']
INFO:     Uvicorn running on http://127.0.0.1:8000 (Press CTRL+C to quit)
INFO:     Started reloader process [4856] using WatchFiles
C:\Projects\lectio\apps\textbook-agent\backend\src\contracts\generation_manifest.py:6: UserWarning: Field name "schema" in "GenerationFieldContract" shadows an attribute in parent "BaseModel"
  class GenerationFieldContract(BaseModel):
INFO:     Started server process [38300]
INFO:     Waiting for application startup.
ERROR:    Traceback (most recent call last):
  File "C:\Projects\lectio\apps\textbook-agent\backend\.venv\Lib\site-packages\starlette\routing.py", line 638, in lifespan
    async with self.lifespan_context(app) as maybe_state:
  File "C:\Users\richi\AppData\Roaming\uv\python\cpython-3.11-windows-x86_64-none\Lib\contextlib.py", line 210, in __aenter__
    return await anext(self.gen)
           ^^^^^^^^^^^^^^^^^^^^^
  File "C:\Projects\lectio\apps\textbook-agent\backend\.venv\Lib\site-packages\fastapi\routing.py", line 240, in merged_lifespan
    async with original_context(app) as maybe_original_state:
  File "C:\Users\richi\AppData\Roaming\uv\python\cpython-3.11-windows-x86_64-none\Lib\contextlib.py", line 210, in __aenter__
    return await anext(self.gen)
           ^^^^^^^^^^^^^^^^^^^^^
  File "C:\Projects\lectio\apps\textbook-agent\backend\.venv\Lib\site-packages\fastapi\routing.py", line 240, in merged_lifespan
    async with original_context(app) as maybe_original_state:
  File "C:\Users\richi\AppData\Roaming\uv\python\cpython-3.11-windows-x86_64-none\Lib\contextlib.py", line 210, in __aenter__
    return await anext(self.gen)
           ^^^^^^^^^^^^^^^^^^^^^
  File "C:\Projects\lectio\apps\textbook-agent\backend\.venv\Lib\site-packages\fastapi\routing.py", line 240, in merged_lifespan
    async with original_context(app) as maybe_original_state:
  File "C:\Users\richi\AppData\Roaming\uv\python\cpython-3.11-windows-x86_64-none\Lib\contextlib.py", line 210, in __aenter__
    return await anext(self.gen)
           ^^^^^^^^^^^^^^^^^^^^^
  File "C:\Projects\lectio\apps\textbook-agent\backend\.venv\Lib\site-packages\fastapi\routing.py", line 240, in merged_lifespan
    async with original_context(app) as maybe_original_state:
  File "C:\Users\richi\AppData\Roaming\uv\python\cpython-3.11-windows-x86_64-none\Lib\contextlib.py", line 210, in __aenter__
    return await anext(self.gen)
           ^^^^^^^^^^^^^^^^^^^^^
  File "C:\Projects\lectio\apps\textbook-agent\backend\.venv\Lib\site-packages\fastapi\routing.py", line 240, in merged_lifespan
    async with original_context(app) as maybe_original_state:
  File "C:\Users\richi\AppData\Roaming\uv\python\cpython-3.11-windows-x86_64-none\Lib\contextlib.py", line 210, in __aenter__
    return await anext(self.gen)
           ^^^^^^^^^^^^^^^^^^^^^
  File "C:\Projects\lectio\apps\textbook-agent\backend\.venv\Lib\site-packages\fastapi\routing.py", line 240, in merged_lifespan
    async with original_context(app) as maybe_original_state:
  File "C:\Users\richi\AppData\Roaming\uv\python\cpython-3.11-windows-x86_64-none\Lib\contextlib.py", line 210, in __aenter__
    return await anext(self.gen)
           ^^^^^^^^^^^^^^^^^^^^^
  File "C:\Projects\lectio\apps\textbook-agent\backend\.venv\Lib\site-packages\fastapi\routing.py", line 240, in merged_lifespan
    async with original_context(app) as maybe_original_state:
  File "C:\Users\richi\AppData\Roaming\uv\python\cpython-3.11-windows-x86_64-none\Lib\contextlib.py", line 210, in __aenter__
    return await anext(self.gen)
           ^^^^^^^^^^^^^^^^^^^^^
  File "C:\Projects\lectio\apps\textbook-agent\backend\.venv\Lib\site-packages\fastapi\routing.py", line 240, in merged_lifespan
    async with original_context(app) as maybe_original_state:
  File "C:\Users\richi\AppData\Roaming\uv\python\cpython-3.11-windows-x86_64-none\Lib\contextlib.py", line 210, in __aenter__
    return await anext(self.gen)
           ^^^^^^^^^^^^^^^^^^^^^
  File "C:\Projects\lectio\apps\textbook-agent\backend\.venv\Lib\site-packages\fastapi\routing.py", line 240, in merged_lifespan
    async with original_context(app) as maybe_original_state:
  File "C:\Users\richi\AppData\Roaming\uv\python\cpython-3.11-windows-x86_64-none\Lib\contextlib.py", line 210, in __aenter__
    return await anext(self.gen)
           ^^^^^^^^^^^^^^^^^^^^^
  File "C:\Projects\lectio\apps\textbook-agent\backend\.venv\Lib\site-packages\fastapi\routing.py", line 240, in merged_lifespan
    async with original_context(app) as maybe_original_state:
  File "C:\Users\richi\AppData\Roaming\uv\python\cpython-3.11-windows-x86_64-none\Lib\contextlib.py", line 210, in __aenter__
    return await anext(self.gen)
           ^^^^^^^^^^^^^^^^^^^^^
  File "C:\Projects\lectio\apps\textbook-agent\backend\.venv\Lib\site-packages\fastapi\routing.py", line 240, in merged_lifespan
    async with original_context(app) as maybe_original_state:
  File "C:\Users\richi\AppData\Roaming\uv\python\cpython-3.11-windows-x86_64-none\Lib\contextlib.py", line 210, in __aenter__
    return await anext(self.gen)
           ^^^^^^^^^^^^^^^^^^^^^
  File "C:\Projects\lectio\apps\textbook-agent\backend\.venv\Lib\site-packages\fastapi\routing.py", line 240, in merged_lifespan
    async with original_context(app) as maybe_original_state:
  File "C:\Users\richi\AppData\Roaming\uv\python\cpython-3.11-windows-x86_64-none\Lib\contextlib.py", line 210, in __aenter__
    return await anext(self.gen)
           ^^^^^^^^^^^^^^^^^^^^^
  File "C:\Projects\lectio\apps\textbook-agent\backend\.venv\Lib\site-packages\fastapi\routing.py", line 240, in merged_lifespan
    async with original_context(app) as maybe_original_state:
  File "C:\Users\richi\AppData\Roaming\uv\python\cpython-3.11-windows-x86_64-none\Lib\contextlib.py", line 210, in __aenter__
    return await anext(self.gen)
           ^^^^^^^^^^^^^^^^^^^^^
  File "C:\Projects\lectio\apps\textbook-agent\backend\.venv\Lib\site-packages\fastapi\routing.py", line 240, in merged_lifespan
    async with original_context(app) as maybe_original_state:
  File "C:\Users\richi\AppData\Roaming\uv\python\cpython-3.11-windows-x86_64-none\Lib\contextlib.py", line 210, in __aenter__
    return await anext(self.gen)
           ^^^^^^^^^^^^^^^^^^^^^
  File "C:\Projects\lectio\apps\textbook-agent\backend\.venv\Lib\site-packages\fastapi\routing.py", line 240, in merged_lifespan
    async with original_context(app) as maybe_original_state:
  File "C:\Users\richi\AppData\Roaming\uv\python\cpython-3.11-windows-x86_64-none\Lib\contextlib.py", line 210, in __aenter__
    return await anext(self.gen)
           ^^^^^^^^^^^^^^^^^^^^^
  File "C:\Projects\lectio\apps\textbook-agent\backend\.venv\Lib\site-packages\fastapi\routing.py", line 240, in merged_lifespan
    async with original_context(app) as maybe_original_state:
  File "C:\Users\richi\AppData\Roaming\uv\python\cpython-3.11-windows-x86_64-none\Lib\contextlib.py", line 210, in __aenter__
    return await anext(self.gen)
           ^^^^^^^^^^^^^^^^^^^^^
  File "C:\Projects\lectio\apps\textbook-agent\backend\src\app.py", line 230, in lifespan
    await asyncio.to_thread(upgrade_database)
  File "C:\Users\richi\AppData\Roaming\uv\python\cpython-3.11-windows-x86_64-none\Lib\asyncio\threads.py", line 25, in to_thread
    return await loop.run_in_executor(None, func_call)
           ^^^^^^^^^^^^^^^^^^^^^^^^^^^^^^^^^^^^^^^^^^^
  File "C:\Users\richi\AppData\Roaming\uv\python\cpython-3.11-windows-x86_64-none\Lib\concurrent\futures\thread.py", line 58, in run
    result = self.fn(*self.args, **self.kwargs)
             ^^^^^^^^^^^^^^^^^^^^^^^^^^^^^^^^^^
  File "C:\Projects\lectio\apps\textbook-agent\backend\src\infra\database\migrations\runner.py", line 43, in upgrade_database
    command.upgrade(_alembic_config(), revision)
  File "C:\Projects\lectio\apps\textbook-agent\backend\.venv\Lib\site-packages\alembic\command.py", line 483, in upgrade
    script.run_env()
  File "C:\Projects\lectio\apps\textbook-agent\backend\.venv\Lib\site-packages\alembic\script\base.py", line 545, in run_env
    util.load_python_file(self.dir, "env.py")
  File "C:\Projects\lectio\apps\textbook-agent\backend\.venv\Lib\site-packages\alembic\util\pyfiles.py", line 116, in load_python_file
    module = load_module_py(module_id, path)
             ^^^^^^^^^^^^^^^^^^^^^^^^^^^^^^^
  File "C:\Projects\lectio\apps\textbook-agent\backend\.venv\Lib\site-packages\alembic\util\pyfiles.py", line 136, in load_module_py
    spec.loader.exec_module(module)  # type: ignore
    ^^^^^^^^^^^^^^^^^^^^^^^^^^^^^^^
  File "<frozen importlib._bootstrap_external>", line 940, in exec_module
  File "<frozen importlib._bootstrap>", line 241, in _call_with_frames_removed
  File "C:\Projects\lectio\apps\textbook-agent\backend\src\infra\database\migrations\env.py", line 69, in <module>
    asyncio.run(run_migrations_online())
  File "C:\Users\richi\AppData\Roaming\uv\python\cpython-3.11-windows-x86_64-none\Lib\asyncio\runners.py", line 190, in run
    return runner.run(main)
           ^^^^^^^^^^^^^^^^
  File "C:\Users\richi\AppData\Roaming\uv\python\cpython-3.11-windows-x86_64-none\Lib\asyncio\runners.py", line 118, in run
    return self._loop.run_until_complete(task)
           ^^^^^^^^^^^^^^^^^^^^^^^^^^^^^^^^^^^
  File "C:\Users\richi\AppData\Roaming\uv\python\cpython-3.11-windows-x86_64-none\Lib\asyncio\base_events.py", line 654, in run_until_complete
    return future.result()
           ^^^^^^^^^^^^^^^
  File "C:\Projects\lectio\apps\textbook-agent\backend\src\infra\database\migrations\env.py", line 60, in run_migrations_online
    async with connectable.connect() as connection:
  File "C:\Projects\lectio\apps\textbook-agent\backend\.venv\Lib\site-packages\sqlalchemy\ext\asyncio\base.py", line 121, in __aenter__
    return await self.start(is_ctxmanager=True)
           ^^^^^^^^^^^^^^^^^^^^^^^^^^^^^^^^^^^^
  File "C:\Projects\lectio\apps\textbook-agent\backend\.venv\Lib\site-packages\sqlalchemy\ext\asyncio\engine.py", line 275, in start
    await greenlet_spawn(self.sync_engine.connect)
  File "C:\Projects\lectio\apps\textbook-agent\backend\.venv\Lib\site-packages\sqlalchemy\util\_concurrency_py3k.py", line 201, in greenlet_spawn
    result = context.throw(*sys.exc_info())
             ^^^^^^^^^^^^^^^^^^^^^^^^^^^^^^
  File "C:\Projects\lectio\apps\textbook-agent\backend\.venv\Lib\site-packages\sqlalchemy\engine\base.py", line 3293, in connect
    return self._connection_cls(self)
           ^^^^^^^^^^^^^^^^^^^^^^^^^^
  File "C:\Projects\lectio\apps\textbook-agent\backend\.venv\Lib\site-packages\sqlalchemy\engine\base.py", line 143, in __init__
    self._dbapi_connection = engine.raw_connection()
                             ^^^^^^^^^^^^^^^^^^^^^^^
  File "C:\Projects\lectio\apps\textbook-agent\backend\.venv\Lib\site-packages\sqlalchemy\engine\base.py", line 3317, in raw_connection
    return self.pool.connect()
           ^^^^^^^^^^^^^^^^^^^
  File "C:\Projects\lectio\apps\textbook-agent\backend\.venv\Lib\site-packages\sqlalchemy\pool\base.py", line 448, in connect
    return _ConnectionFairy._checkout(self)
           ^^^^^^^^^^^^^^^^^^^^^^^^^^^^^^^^
  File "C:\Projects\lectio\apps\textbook-agent\backend\.venv\Lib\site-packages\sqlalchemy\pool\base.py", line 1272, in _checkout
    fairy = _ConnectionRecord.checkout(pool)
            ^^^^^^^^^^^^^^^^^^^^^^^^^^^^^^^^
  File "C:\Projects\lectio\apps\textbook-agent\backend\.venv\Lib\site-packages\sqlalchemy\pool\base.py", line 712, in checkout
    rec = pool._do_get()
          ^^^^^^^^^^^^^^
  File "C:\Projects\lectio\apps\textbook-agent\backend\.venv\Lib\site-packages\sqlalchemy\pool\impl.py", line 306, in _do_get
    return self._create_connection()
           ^^^^^^^^^^^^^^^^^^^^^^^^^
  File "C:\Projects\lectio\apps\textbook-agent\backend\.venv\Lib\site-packages\sqlalchemy\pool\base.py", line 389, in _create_connection
    return _ConnectionRecord(self)
           ^^^^^^^^^^^^^^^^^^^^^^^
  File "C:\Projects\lectio\apps\textbook-agent\backend\.venv\Lib\site-packages\sqlalchemy\pool\base.py", line 674, in __init__
    self.__connect()
  File "C:\Projects\lectio\apps\textbook-agent\backend\.venv\Lib\site-packages\sqlalchemy\pool\base.py", line 900, in __connect
    with util.safe_reraise():
  File "C:\Projects\lectio\apps\textbook-agent\backend\.venv\Lib\site-packages\sqlalchemy\util\langhelpers.py", line 121, in __exit__
    raise exc_value.with_traceback(exc_tb)
  File "C:\Projects\lectio\apps\textbook-agent\backend\.venv\Lib\site-packages\sqlalchemy\pool\base.py", line 896, in __connect
    self.dbapi_connection = connection = pool._invoke_creator(self)
                                         ^^^^^^^^^^^^^^^^^^^^^^^^^^
  File "C:\Projects\lectio\apps\textbook-agent\backend\.venv\Lib\site-packages\sqlalchemy\engine\create.py", line 667, in connect
    return dialect.connect(*cargs_tup, **cparams)
           ^^^^^^^^^^^^^^^^^^^^^^^^^^^^^^^^^^^^^^
  File "C:\Projects\lectio\apps\textbook-agent\backend\.venv\Lib\site-packages\sqlalchemy\engine\default.py", line 630, in connect
    return self.loaded_dbapi.connect(*cargs, **cparams)  # type: ignore[no-any-return]  # NOQA: E501
           ^^^^^^^^^^^^^^^^^^^^^^^^^^^^^^^^^^^^^^^^^^^^
  File "C:\Projects\lectio\apps\textbook-agent\backend\.venv\Lib\site-packages\sqlalchemy\dialects\postgresql\asyncpg.py", line 955, in connect
    await_only(creator_fn(*arg, **kw)),
    ^^^^^^^^^^^^^^^^^^^^^^^^^^^^^^^^^^
  File "C:\Projects\lectio\apps\textbook-agent\backend\.venv\Lib\site-packages\sqlalchemy\util\_concurrency_py3k.py", line 132, in await_only
    return current.parent.switch(awaitable)  # type: ignore[no-any-return,attr-defined] # noqa: E501
           ^^^^^^^^^^^^^^^^^^^^^^^^^^^^^^^^
  File "C:\Projects\lectio\apps\textbook-agent\backend\.venv\Lib\site-packages\sqlalchemy\util\_concurrency_py3k.py", line 196, in greenlet_spawn
    value = await result
            ^^^^^^^^^^^^
  File "C:\Projects\lectio\apps\textbook-agent\backend\.venv\Lib\site-packages\asyncpg\connection.py", line 2443, in connect
    return await connect_utils._connect(
           ^^^^^^^^^^^^^^^^^^^^^^^^^^^^^
  File "C:\Projects\lectio\apps\textbook-agent\backend\.venv\Lib\site-packages\asyncpg\connect_utils.py", line 1249, in _connect
    raise last_error or exceptions.TargetServerAttributeNotMatched(
  File "C:\Projects\lectio\apps\textbook-agent\backend\.venv\Lib\site-packages\asyncpg\connect_utils.py", line 1218, in _connect
    conn = await _connect_addr(
           ^^^^^^^^^^^^^^^^^^^^
  File "C:\Projects\lectio\apps\textbook-agent\backend\.venv\Lib\site-packages\asyncpg\connect_utils.py", line 1054, in _connect_addr
    return await __connect_addr(params, True, *args)
           ^^^^^^^^^^^^^^^^^^^^^^^^^^^^^^^^^^^^^^^^^
  File "C:\Projects\lectio\apps\textbook-agent\backend\.venv\Lib\site-packages\asyncpg\connect_utils.py", line 1099, in __connect_addr
    tr, pr = await connector
             ^^^^^^^^^^^^^^^
  File "C:\Projects\lectio\apps\textbook-agent\backend\.venv\Lib\site-packages\asyncpg\connect_utils.py", line 969, in _create_ssl_connection
    tr, pr = await loop.create_connection(
             ^^^^^^^^^^^^^^^^^^^^^^^^^^^^^
  File "C:\Users\richi\AppData\Roaming\uv\python\cpython-3.11-windows-x86_64-none\Lib\asyncio\base_events.py", line 1086, in create_connection
    raise exceptions[0]
  File "C:\Users\richi\AppData\Roaming\uv\python\cpython-3.11-windows-x86_64-none\Lib\asyncio\base_events.py", line 1070, in create_connection
    sock = await self._connect_sock(
           ^^^^^^^^^^^^^^^^^^^^^^^^^
  File "C:\Users\richi\AppData\Roaming\uv\python\cpython-3.11-windows-x86_64-none\Lib\asyncio\base_events.py", line 974, in _connect_sock
    await self.sock_connect(sock, address)
  File "C:\Users\richi\AppData\Roaming\uv\python\cpython-3.11-windows-x86_64-none\Lib\asyncio\proactor_events.py", line 726, in sock_connect
    return await self._proactor.connect(sock, address)
           ^^^^^^^^^^^^^^^^^^^^^^^^^^^^^^^^^^^^^^^^^^^
  File "C:\Users\richi\AppData\Roaming\uv\python\cpython-3.11-windows-x86_64-none\Lib\asyncio\windows_events.py", line 854, in _poll
    value = callback(transferred, key, ov)
            ^^^^^^^^^^^^^^^^^^^^^^^^^^^^^^
  File "C:\Users\richi\AppData\Roaming\uv\python\cpython-3.11-windows-x86_64-none\Lib\asyncio\windows_events.py", line 641, in finish_connect
    ov.getresult()
ConnectionRefusedError: [WinError 1225] The remote computer refused the network connection

ERROR:    Application startup failed. Exiting.
WARNING:  WatchFiles detected changes in '_diag_live_state.py'. Reloading...
C:\Projects\lectio\apps\textbook-agent\backend\src\contracts\generation_manifest.py:6: UserWarning: Field name "schema" in "GenerationFieldContract" shadows an attribute in parent "BaseModel"
  class GenerationFieldContract(BaseModel):
INFO:     Started server process [33836]
INFO:     Waiting for application startup.
ERROR:    Traceback (most recent call last):
  File "C:\Projects\lectio\apps\textbook-agent\backend\.venv\Lib\site-packages\starlette\routing.py", line 638, in lifespan
    async with self.lifespan_context(app) as maybe_state:
  File "C:\Users\richi\AppData\Roaming\uv\python\cpython-3.11-windows-x86_64-none\Lib\contextlib.py", line 210, in __aenter__
    return await anext(self.gen)
           ^^^^^^^^^^^^^^^^^^^^^
  File "C:\Projects\lectio\apps\textbook-agent\backend\.venv\Lib\site-packages\fastapi\routing.py", line 240, in merged_lifespan
    async with original_context(app) as maybe_original_state:
  File "C:\Users\richi\AppData\Roaming\uv\python\cpython-3.11-windows-x86_64-none\Lib\contextlib.py", line 210, in __aenter__
    return await anext(self.gen)
           ^^^^^^^^^^^^^^^^^^^^^
  File "C:\Projects\lectio\apps\textbook-agent\backend\.venv\Lib\site-packages\fastapi\routing.py", line 240, in merged_lifespan
    async with original_context(app) as maybe_original_state:
  File "C:\Users\richi\AppData\Roaming\uv\python\cpython-3.11-windows-x86_64-none\Lib\contextlib.py", line 210, in __aenter__
    return await anext(self.gen)
           ^^^^^^^^^^^^^^^^^^^^^
  File "C:\Projects\lectio\apps\textbook-agent\backend\.venv\Lib\site-packages\fastapi\routing.py", line 240, in merged_lifespan
    async with original_context(app) as maybe_original_state:
  File "C:\Users\richi\AppData\Roaming\uv\python\cpython-3.11-windows-x86_64-none\Lib\contextlib.py", line 210, in __aenter__
    return await anext(self.gen)
           ^^^^^^^^^^^^^^^^^^^^^
  File "C:\Projects\lectio\apps\textbook-agent\backend\.venv\Lib\site-packages\fastapi\routing.py", line 240, in merged_lifespan
    async with original_context(app) as maybe_original_state:
  File "C:\Users\richi\AppData\Roaming\uv\python\cpython-3.11-windows-x86_64-none\Lib\contextlib.py", line 210, in __aenter__
    return await anext(self.gen)
           ^^^^^^^^^^^^^^^^^^^^^
  File "C:\Projects\lectio\apps\textbook-agent\backend\.venv\Lib\site-packages\fastapi\routing.py", line 240, in merged_lifespan
    async with original_context(app) as maybe_original_state:
  File "C:\Users\richi\AppData\Roaming\uv\python\cpython-3.11-windows-x86_64-none\Lib\contextlib.py", line 210, in __aenter__
    return await anext(self.gen)
           ^^^^^^^^^^^^^^^^^^^^^
  File "C:\Projects\lectio\apps\textbook-agent\backend\.venv\Lib\site-packages\fastapi\routing.py", line 240, in merged_lifespan
    async with original_context(app) as maybe_original_state:
  File "C:\Users\richi\AppData\Roaming\uv\python\cpython-3.11-windows-x86_64-none\Lib\contextlib.py", line 210, in __aenter__
    return await anext(self.gen)
           ^^^^^^^^^^^^^^^^^^^^^
  File "C:\Projects\lectio\apps\textbook-agent\backend\.venv\Lib\site-packages\fastapi\routing.py", line 240, in merged_lifespan
    async with original_context(app) as maybe_original_state:
  File "C:\Users\richi\AppData\Roaming\uv\python\cpython-3.11-windows-x86_64-none\Lib\contextlib.py", line 210, in __aenter__
    return await anext(self.gen)
           ^^^^^^^^^^^^^^^^^^^^^
  File "C:\Projects\lectio\apps\textbook-agent\backend\.venv\Lib\site-packages\fastapi\routing.py", line 240, in merged_lifespan
    async with original_context(app) as maybe_original_state:
  File "C:\Users\richi\AppData\Roaming\uv\python\cpython-3.11-windows-x86_64-none\Lib\contextlib.py", line 210, in __aenter__
    return await anext(self.gen)
           ^^^^^^^^^^^^^^^^^^^^^
  File "C:\Projects\lectio\apps\textbook-agent\backend\.venv\Lib\site-packages\fastapi\routing.py", line 240, in merged_lifespan
    async with original_context(app) as maybe_original_state:
  File "C:\Users\richi\AppData\Roaming\uv\python\cpython-3.11-windows-x86_64-none\Lib\contextlib.py", line 210, in __aenter__
    return await anext(self.gen)
           ^^^^^^^^^^^^^^^^^^^^^
  File "C:\Projects\lectio\apps\textbook-agent\backend\.venv\Lib\site-packages\fastapi\routing.py", line 240, in merged_lifespan
    async with original_context(app) as maybe_original_state:
  File "C:\Users\richi\AppData\Roaming\uv\python\cpython-3.11-windows-x86_64-none\Lib\contextlib.py", line 210, in __aenter__
    return await anext(self.gen)
           ^^^^^^^^^^^^^^^^^^^^^
  File "C:\Projects\lectio\apps\textbook-agent\backend\.venv\Lib\site-packages\fastapi\routing.py", line 240, in merged_lifespan
    async with original_context(app) as maybe_original_state:
  File "C:\Users\richi\AppData\Roaming\uv\python\cpython-3.11-windows-x86_64-none\Lib\contextlib.py", line 210, in __aenter__
    return await anext(self.gen)
           ^^^^^^^^^^^^^^^^^^^^^
  File "C:\Projects\lectio\apps\textbook-agent\backend\.venv\Lib\site-packages\fastapi\routing.py", line 240, in merged_lifespan
    async with original_context(app) as maybe_original_state:
  File "C:\Users\richi\AppData\Roaming\uv\python\cpython-3.11-windows-x86_64-none\Lib\contextlib.py", line 210, in __aenter__
    return await anext(self.gen)
           ^^^^^^^^^^^^^^^^^^^^^
  File "C:\Projects\lectio\apps\textbook-agent\backend\.venv\Lib\site-packages\fastapi\routing.py", line 240, in merged_lifespan
    async with original_context(app) as maybe_original_state:
  File "C:\Users\richi\AppData\Roaming\uv\python\cpython-3.11-windows-x86_64-none\Lib\contextlib.py", line 210, in __aenter__
    return await anext(self.gen)
           ^^^^^^^^^^^^^^^^^^^^^
  File "C:\Projects\lectio\apps\textbook-agent\backend\.venv\Lib\site-packages\fastapi\routing.py", line 240, in merged_lifespan
    async with original_context(app) as maybe_original_state:
  File "C:\Users\richi\AppData\Roaming\uv\python\cpython-3.11-windows-x86_64-none\Lib\contextlib.py", line 210, in __aenter__
    return await anext(self.gen)
           ^^^^^^^^^^^^^^^^^^^^^
  File "C:\Projects\lectio\apps\textbook-agent\backend\.venv\Lib\site-packages\fastapi\routing.py", line 240, in merged_lifespan
    async with original_context(app) as maybe_original_state:
  File "C:\Users\richi\AppData\Roaming\uv\python\cpython-3.11-windows-x86_64-none\Lib\contextlib.py", line 210, in __aenter__
    return await anext(self.gen)
           ^^^^^^^^^^^^^^^^^^^^^
  File "C:\Projects\lectio\apps\textbook-agent\backend\.venv\Lib\site-packages\fastapi\routing.py", line 240, in merged_lifespan
    async with original_context(app) as maybe_original_state:
  File "C:\Users\richi\AppData\Roaming\uv\python\cpython-3.11-windows-x86_64-none\Lib\contextlib.py", line 210, in __aenter__
    return await anext(self.gen)
           ^^^^^^^^^^^^^^^^^^^^^
  File "C:\Projects\lectio\apps\textbook-agent\backend\src\app.py", line 230, in lifespan
    await asyncio.to_thread(upgrade_database)
  File "C:\Users\richi\AppData\Roaming\uv\python\cpython-3.11-windows-x86_64-none\Lib\asyncio\threads.py", line 25, in to_thread
    return await loop.run_in_executor(None, func_call)
           ^^^^^^^^^^^^^^^^^^^^^^^^^^^^^^^^^^^^^^^^^^^
  File "C:\Users\richi\AppData\Roaming\uv\python\cpython-3.11-windows-x86_64-none\Lib\concurrent\futures\thread.py", line 58, in run
    result = self.fn(*self.args, **self.kwargs)
             ^^^^^^^^^^^^^^^^^^^^^^^^^^^^^^^^^^
  File "C:\Projects\lectio\apps\textbook-agent\backend\src\infra\database\migrations\runner.py", line 43, in upgrade_database
    command.upgrade(_alembic_config(), revision)
  File "C:\Projects\lectio\apps\textbook-agent\backend\.venv\Lib\site-packages\alembic\command.py", line 483, in upgrade
    script.run_env()
  File "C:\Projects\lectio\apps\textbook-agent\backend\.venv\Lib\site-packages\alembic\script\base.py", line 545, in run_env
    util.load_python_file(self.dir, "env.py")
  File "C:\Projects\lectio\apps\textbook-agent\backend\.venv\Lib\site-packages\alembic\util\pyfiles.py", line 116, in load_python_file
    module = load_module_py(module_id, path)
             ^^^^^^^^^^^^^^^^^^^^^^^^^^^^^^^
  File "C:\Projects\lectio\apps\textbook-agent\backend\.venv\Lib\site-packages\alembic\util\pyfiles.py", line 136, in load_module_py
    spec.loader.exec_module(module)  # type: ignore
    ^^^^^^^^^^^^^^^^^^^^^^^^^^^^^^^
  File "<frozen importlib._bootstrap_external>", line 940, in exec_module
  File "<frozen importlib._bootstrap>", line 241, in _call_with_frames_removed
  File "C:\Projects\lectio\apps\textbook-agent\backend\src\infra\database\migrations\env.py", line 69, in <module>
    asyncio.run(run_migrations_online())
  File "C:\Users\richi\AppData\Roaming\uv\python\cpython-3.11-windows-x86_64-none\Lib\asyncio\runners.py", line 190, in run
    return runner.run(main)
           ^^^^^^^^^^^^^^^^
  File "C:\Users\richi\AppData\Roaming\uv\python\cpython-3.11-windows-x86_64-none\Lib\asyncio\runners.py", line 118, in run
    return self._loop.run_until_complete(task)
           ^^^^^^^^^^^^^^^^^^^^^^^^^^^^^^^^^^^
  File "C:\Users\richi\AppData\Roaming\uv\python\cpython-3.11-windows-x86_64-none\Lib\asyncio\base_events.py", line 654, in run_until_complete
    return future.result()
           ^^^^^^^^^^^^^^^
  File "C:\Projects\lectio\apps\textbook-agent\backend\src\infra\database\migrations\env.py", line 60, in run_migrations_online
    async with connectable.connect() as connection:
  File "C:\Projects\lectio\apps\textbook-agent\backend\.venv\Lib\site-packages\sqlalchemy\ext\asyncio\base.py", line 121, in __aenter__
    return await self.start(is_ctxmanager=True)
           ^^^^^^^^^^^^^^^^^^^^^^^^^^^^^^^^^^^^
  File "C:\Projects\lectio\apps\textbook-agent\backend\.venv\Lib\site-packages\sqlalchemy\ext\asyncio\engine.py", line 275, in start
    await greenlet_spawn(self.sync_engine.connect)
  File "C:\Projects\lectio\apps\textbook-agent\backend\.venv\Lib\site-packages\sqlalchemy\util\_concurrency_py3k.py", line 201, in greenlet_spawn
    result = context.throw(*sys.exc_info())
             ^^^^^^^^^^^^^^^^^^^^^^^^^^^^^^
  File "C:\Projects\lectio\apps\textbook-agent\backend\.venv\Lib\site-packages\sqlalchemy\engine\base.py", line 3293, in connect
    return self._connection_cls(self)
           ^^^^^^^^^^^^^^^^^^^^^^^^^^
  File "C:\Projects\lectio\apps\textbook-agent\backend\.venv\Lib\site-packages\sqlalchemy\engine\base.py", line 143, in __init__
    self._dbapi_connection = engine.raw_connection()
                             ^^^^^^^^^^^^^^^^^^^^^^^
  File "C:\Projects\lectio\apps\textbook-agent\backend\.venv\Lib\site-packages\sqlalchemy\engine\base.py", line 3317, in raw_connection
    return self.pool.connect()
           ^^^^^^^^^^^^^^^^^^^
  File "C:\Projects\lectio\apps\textbook-agent\backend\.venv\Lib\site-packages\sqlalchemy\pool\base.py", line 448, in connect
    return _ConnectionFairy._checkout(self)
           ^^^^^^^^^^^^^^^^^^^^^^^^^^^^^^^^
  File "C:\Projects\lectio\apps\textbook-agent\backend\.venv\Lib\site-packages\sqlalchemy\pool\base.py", line 1272, in _checkout
    fairy = _ConnectionRecord.checkout(pool)
            ^^^^^^^^^^^^^^^^^^^^^^^^^^^^^^^^
  File "C:\Projects\lectio\apps\textbook-agent\backend\.venv\Lib\site-packages\sqlalchemy\pool\base.py", line 712, in checkout
    rec = pool._do_get()
          ^^^^^^^^^^^^^^
  File "C:\Projects\lectio\apps\textbook-agent\backend\.venv\Lib\site-packages\sqlalchemy\pool\impl.py", line 306, in _do_get
    return self._create_connection()
           ^^^^^^^^^^^^^^^^^^^^^^^^^
  File "C:\Projects\lectio\apps\textbook-agent\backend\.venv\Lib\site-packages\sqlalchemy\pool\base.py", line 389, in _create_connection
    return _ConnectionRecord(self)
           ^^^^^^^^^^^^^^^^^^^^^^^
  File "C:\Projects\lectio\apps\textbook-agent\backend\.venv\Lib\site-packages\sqlalchemy\pool\base.py", line 674, in __init__
    self.__connect()
  File "C:\Projects\lectio\apps\textbook-agent\backend\.venv\Lib\site-packages\sqlalchemy\pool\base.py", line 900, in __connect
    with util.safe_reraise():
  File "C:\Projects\lectio\apps\textbook-agent\backend\.venv\Lib\site-packages\sqlalchemy\util\langhelpers.py", line 121, in __exit__
    raise exc_value.with_traceback(exc_tb)
  File "C:\Projects\lectio\apps\textbook-agent\backend\.venv\Lib\site-packages\sqlalchemy\pool\base.py", line 896, in __connect
    self.dbapi_connection = connection = pool._invoke_creator(self)
                                         ^^^^^^^^^^^^^^^^^^^^^^^^^^
  File "C:\Projects\lectio\apps\textbook-agent\backend\.venv\Lib\site-packages\sqlalchemy\engine\create.py", line 667, in connect
    return dialect.connect(*cargs_tup, **cparams)
           ^^^^^^^^^^^^^^^^^^^^^^^^^^^^^^^^^^^^^^
  File "C:\Projects\lectio\apps\textbook-agent\backend\.venv\Lib\site-packages\sqlalchemy\engine\default.py", line 630, in connect
    return self.loaded_dbapi.connect(*cargs, **cparams)  # type: ignore[no-any-return]  # NOQA: E501
           ^^^^^^^^^^^^^^^^^^^^^^^^^^^^^^^^^^^^^^^^^^^^
  File "C:\Projects\lectio\apps\textbook-agent\backend\.venv\Lib\site-packages\sqlalchemy\dialects\postgresql\asyncpg.py", line 955, in connect
    await_only(creator_fn(*arg, **kw)),
    ^^^^^^^^^^^^^^^^^^^^^^^^^^^^^^^^^^
  File "C:\Projects\lectio\apps\textbook-agent\backend\.venv\Lib\site-packages\sqlalchemy\util\_concurrency_py3k.py", line 132, in await_only
    return current.parent.switch(awaitable)  # type: ignore[no-any-return,attr-defined] # noqa: E501
           ^^^^^^^^^^^^^^^^^^^^^^^^^^^^^^^^
  File "C:\Projects\lectio\apps\textbook-agent\backend\.venv\Lib\site-packages\sqlalchemy\util\_concurrency_py3k.py", line 196, in greenlet_spawn
    value = await result
            ^^^^^^^^^^^^
  File "C:\Projects\lectio\apps\textbook-agent\backend\.venv\Lib\site-packages\asyncpg\connection.py", line 2443, in connect
    return await connect_utils._connect(
           ^^^^^^^^^^^^^^^^^^^^^^^^^^^^^
  File "C:\Projects\lectio\apps\textbook-agent\backend\.venv\Lib\site-packages\asyncpg\connect_utils.py", line 1249, in _connect
    raise last_error or exceptions.TargetServerAttributeNotMatched(
  File "C:\Projects\lectio\apps\textbook-agent\backend\.venv\Lib\site-packages\asyncpg\connect_utils.py", line 1218, in _connect
    conn = await _connect_addr(
           ^^^^^^^^^^^^^^^^^^^^
  File "C:\Projects\lectio\apps\textbook-agent\backend\.venv\Lib\site-packages\asyncpg\connect_utils.py", line 1054, in _connect_addr
    return await __connect_addr(params, True, *args)
           ^^^^^^^^^^^^^^^^^^^^^^^^^^^^^^^^^^^^^^^^^
  File "C:\Projects\lectio\apps\textbook-agent\backend\.venv\Lib\site-packages\asyncpg\connect_utils.py", line 1099, in __connect_addr
    tr, pr = await connector
             ^^^^^^^^^^^^^^^
  File "C:\Projects\lectio\apps\textbook-agent\backend\.venv\Lib\site-packages\asyncpg\connect_utils.py", line 969, in _create_ssl_connection
    tr, pr = await loop.create_connection(
             ^^^^^^^^^^^^^^^^^^^^^^^^^^^^^
  File "C:\Users\richi\AppData\Roaming\uv\python\cpython-3.11-windows-x86_64-none\Lib\asyncio\base_events.py", line 1086, in create_connection
    raise exceptions[0]
  File "C:\Users\richi\AppData\Roaming\uv\python\cpython-3.11-windows-x86_64-none\Lib\asyncio\base_events.py", line 1070, in create_connection
    sock = await self._connect_sock(
           ^^^^^^^^^^^^^^^^^^^^^^^^^
  File "C:\Users\richi\AppData\Roaming\uv\python\cpython-3.11-windows-x86_64-none\Lib\asyncio\base_events.py", line 974, in _connect_sock
    await self.sock_connect(sock, address)
  File "C:\Users\richi\AppData\Roaming\uv\python\cpython-3.11-windows-x86_64-none\Lib\asyncio\proactor_events.py", line 726, in sock_connect
    return await self._proactor.connect(sock, address)
           ^^^^^^^^^^^^^^^^^^^^^^^^^^^^^^^^^^^^^^^^^^^
  File "C:\Users\richi\AppData\Roaming\uv\python\cpython-3.11-windows-x86_64-none\Lib\asyncio\windows_events.py", line 854, in _poll
    value = callback(transferred, key, ov)
            ^^^^^^^^^^^^^^^^^^^^^^^^^^^^^^
  File "C:\Users\richi\AppData\Roaming\uv\python\cpython-3.11-windows-x86_64-none\Lib\asyncio\windows_events.py", line 641, in finish_connect
    ov.getresult()
ConnectionRefusedError: [WinError 1225] The remote computer refused the network connection

ERROR:    Application startup failed. Exiting.
WARNING:  WatchFiles detected changes in 'src\curriculum\routes.py', 'src\curriculum\models.py'. Reloading...
C:\Projects\lectio\apps\textbook-agent\backend\src\contracts\generation_manifest.py:6: UserWarning: Field name "schema" in "GenerationFieldContract" shadows an attribute in parent "BaseModel"
  class GenerationFieldContract(BaseModel):
INFO:     Started server process [44728]
INFO:     Waiting for application startup.
ERROR:    Traceback (most recent call last):
  File "C:\Projects\lectio\apps\textbook-agent\backend\.venv\Lib\site-packages\starlette\routing.py", line 638, in lifespan
    async with self.lifespan_context(app) as maybe_state:
  File "C:\Users\richi\AppData\Roaming\uv\python\cpython-3.11-windows-x86_64-none\Lib\contextlib.py", line 210, in __aenter__
    return await anext(self.gen)
           ^^^^^^^^^^^^^^^^^^^^^
  File "C:\Projects\lectio\apps\textbook-agent\backend\.venv\Lib\site-packages\fastapi\routing.py", line 240, in merged_lifespan
    async with original_context(app) as maybe_original_state:
  File "C:\Users\richi\AppData\Roaming\uv\python\cpython-3.11-windows-x86_64-none\Lib\contextlib.py", line 210, in __aenter__
    return await anext(self.gen)
           ^^^^^^^^^^^^^^^^^^^^^
  File "C:\Projects\lectio\apps\textbook-agent\backend\.venv\Lib\site-packages\fastapi\routing.py", line 240, in merged_lifespan
    async with original_context(app) as maybe_original_state:
  File "C:\Users\richi\AppData\Roaming\uv\python\cpython-3.11-windows-x86_64-none\Lib\contextlib.py", line 210, in __aenter__
    return await anext(self.gen)
           ^^^^^^^^^^^^^^^^^^^^^
  File "C:\Projects\lectio\apps\textbook-agent\backend\.venv\Lib\site-packages\fastapi\routing.py", line 240, in merged_lifespan
    async with original_context(app) as maybe_original_state:
  File "C:\Users\richi\AppData\Roaming\uv\python\cpython-3.11-windows-x86_64-none\Lib\contextlib.py", line 210, in __aenter__
    return await anext(self.gen)
           ^^^^^^^^^^^^^^^^^^^^^
  File "C:\Projects\lectio\apps\textbook-agent\backend\.venv\Lib\site-packages\fastapi\routing.py", line 240, in merged_lifespan
    async with original_context(app) as maybe_original_state:
  File "C:\Users\richi\AppData\Roaming\uv\python\cpython-3.11-windows-x86_64-none\Lib\contextlib.py", line 210, in __aenter__
    return await anext(self.gen)
           ^^^^^^^^^^^^^^^^^^^^^
  File "C:\Projects\lectio\apps\textbook-agent\backend\.venv\Lib\site-packages\fastapi\routing.py", line 240, in merged_lifespan
    async with original_context(app) as maybe_original_state:
  File "C:\Users\richi\AppData\Roaming\uv\python\cpython-3.11-windows-x86_64-none\Lib\contextlib.py", line 210, in __aenter__
    return await anext(self.gen)
           ^^^^^^^^^^^^^^^^^^^^^
  File "C:\Projects\lectio\apps\textbook-agent\backend\.venv\Lib\site-packages\fastapi\routing.py", line 240, in merged_lifespan
    async with original_context(app) as maybe_original_state:
  File "C:\Users\richi\AppData\Roaming\uv\python\cpython-3.11-windows-x86_64-none\Lib\contextlib.py", line 210, in __aenter__
    return await anext(self.gen)
           ^^^^^^^^^^^^^^^^^^^^^
  File "C:\Projects\lectio\apps\textbook-agent\backend\.venv\Lib\site-packages\fastapi\routing.py", line 240, in merged_lifespan
    async with original_context(app) as maybe_original_state:
  File "C:\Users\richi\AppData\Roaming\uv\python\cpython-3.11-windows-x86_64-none\Lib\contextlib.py", line 210, in __aenter__
    return await anext(self.gen)
           ^^^^^^^^^^^^^^^^^^^^^
  File "C:\Projects\lectio\apps\textbook-agent\backend\.venv\Lib\site-packages\fastapi\routing.py", line 240, in merged_lifespan
    async with original_context(app) as maybe_original_state:
  File "C:\Users\richi\AppData\Roaming\uv\python\cpython-3.11-windows-x86_64-none\Lib\contextlib.py", line 210, in __aenter__
    return await anext(self.gen)
           ^^^^^^^^^^^^^^^^^^^^^
  File "C:\Projects\lectio\apps\textbook-agent\backend\.venv\Lib\site-packages\fastapi\routing.py", line 240, in merged_lifespan
    async with original_context(app) as maybe_original_state:
  File "C:\Users\richi\AppData\Roaming\uv\python\cpython-3.11-windows-x86_64-none\Lib\contextlib.py", line 210, in __aenter__
    return await anext(self.gen)
           ^^^^^^^^^^^^^^^^^^^^^
  File "C:\Projects\lectio\apps\textbook-agent\backend\.venv\Lib\site-packages\fastapi\routing.py", line 240, in merged_lifespan
    async with original_context(app) as maybe_original_state:
  File "C:\Users\richi\AppData\Roaming\uv\python\cpython-3.11-windows-x86_64-none\Lib\contextlib.py", line 210, in __aenter__
    return await anext(self.gen)
           ^^^^^^^^^^^^^^^^^^^^^
  File "C:\Projects\lectio\apps\textbook-agent\backend\.venv\Lib\site-packages\fastapi\routing.py", line 240, in merged_lifespan
    async with original_context(app) as maybe_original_state:
  File "C:\Users\richi\AppData\Roaming\uv\python\cpython-3.11-windows-x86_64-none\Lib\contextlib.py", line 210, in __aenter__
    return await anext(self.gen)
           ^^^^^^^^^^^^^^^^^^^^^
  File "C:\Projects\lectio\apps\textbook-agent\backend\.venv\Lib\site-packages\fastapi\routing.py", line 240, in merged_lifespan
    async with original_context(app) as maybe_original_state:
  File "C:\Users\richi\AppData\Roaming\uv\python\cpython-3.11-windows-x86_64-none\Lib\contextlib.py", line 210, in __aenter__
    return await anext(self.gen)
           ^^^^^^^^^^^^^^^^^^^^^
  File "C:\Projects\lectio\apps\textbook-agent\backend\.venv\Lib\site-packages\fastapi\routing.py", line 240, in merged_lifespan
    async with original_context(app) as maybe_original_state:
  File "C:\Users\richi\AppData\Roaming\uv\python\cpython-3.11-windows-x86_64-none\Lib\contextlib.py", line 210, in __aenter__
    return await anext(self.gen)
           ^^^^^^^^^^^^^^^^^^^^^
  File "C:\Projects\lectio\apps\textbook-agent\backend\.venv\Lib\site-packages\fastapi\routing.py", line 240, in merged_lifespan
    async with original_context(app) as maybe_original_state:
  File "C:\Users\richi\AppData\Roaming\uv\python\cpython-3.11-windows-x86_64-none\Lib\contextlib.py", line 210, in __aenter__
    return await anext(self.gen)
           ^^^^^^^^^^^^^^^^^^^^^
  File "C:\Projects\lectio\apps\textbook-agent\backend\.venv\Lib\site-packages\fastapi\routing.py", line 240, in merged_lifespan
    async with original_context(app) as maybe_original_state:
  File "C:\Users\richi\AppData\Roaming\uv\python\cpython-3.11-windows-x86_64-none\Lib\contextlib.py", line 210, in __aenter__
    return await anext(self.gen)
           ^^^^^^^^^^^^^^^^^^^^^
  File "C:\Projects\lectio\apps\textbook-agent\backend\.venv\Lib\site-packages\fastapi\routing.py", line 240, in merged_lifespan
    async with original_context(app) as maybe_original_state:
  File "C:\Users\richi\AppData\Roaming\uv\python\cpython-3.11-windows-x86_64-none\Lib\contextlib.py", line 210, in __aenter__
    return await anext(self.gen)
           ^^^^^^^^^^^^^^^^^^^^^
  File "C:\Projects\lectio\apps\textbook-agent\backend\src\app.py", line 230, in lifespan
    await asyncio.to_thread(upgrade_database)
  File "C:\Users\richi\AppData\Roaming\uv\python\cpython-3.11-windows-x86_64-none\Lib\asyncio\threads.py", line 25, in to_thread
    return await loop.run_in_executor(None, func_call)
           ^^^^^^^^^^^^^^^^^^^^^^^^^^^^^^^^^^^^^^^^^^^
  File "C:\Users\richi\AppData\Roaming\uv\python\cpython-3.11-windows-x86_64-none\Lib\concurrent\futures\thread.py", line 58, in run
    result = self.fn(*self.args, **self.kwargs)
             ^^^^^^^^^^^^^^^^^^^^^^^^^^^^^^^^^^
  File "C:\Projects\lectio\apps\textbook-agent\backend\src\infra\database\migrations\runner.py", line 43, in upgrade_database
    command.upgrade(_alembic_config(), revision)
  File "C:\Projects\lectio\apps\textbook-agent\backend\.venv\Lib\site-packages\alembic\command.py", line 483, in upgrade
    script.run_env()
  File "C:\Projects\lectio\apps\textbook-agent\backend\.venv\Lib\site-packages\alembic\script\base.py", line 545, in run_env
    util.load_python_file(self.dir, "env.py")
  File "C:\Projects\lectio\apps\textbook-agent\backend\.venv\Lib\site-packages\alembic\util\pyfiles.py", line 116, in load_python_file
    module = load_module_py(module_id, path)
             ^^^^^^^^^^^^^^^^^^^^^^^^^^^^^^^
  File "C:\Projects\lectio\apps\textbook-agent\backend\.venv\Lib\site-packages\alembic\util\pyfiles.py", line 136, in load_module_py
    spec.loader.exec_module(module)  # type: ignore
    ^^^^^^^^^^^^^^^^^^^^^^^^^^^^^^^
  File "<frozen importlib._bootstrap_external>", line 940, in exec_module
  File "<frozen importlib._bootstrap>", line 241, in _call_with_frames_removed
  File "C:\Projects\lectio\apps\textbook-agent\backend\src\infra\database\migrations\env.py", line 69, in <module>
    asyncio.run(run_migrations_online())
  File "C:\Users\richi\AppData\Roaming\uv\python\cpython-3.11-windows-x86_64-none\Lib\asyncio\runners.py", line 190, in run
    return runner.run(main)
           ^^^^^^^^^^^^^^^^
  File "C:\Users\richi\AppData\Roaming\uv\python\cpython-3.11-windows-x86_64-none\Lib\asyncio\runners.py", line 118, in run
    return self._loop.run_until_complete(task)
           ^^^^^^^^^^^^^^^^^^^^^^^^^^^^^^^^^^^
  File "C:\Users\richi\AppData\Roaming\uv\python\cpython-3.11-windows-x86_64-none\Lib\asyncio\base_events.py", line 654, in run_until_complete
    return future.result()
           ^^^^^^^^^^^^^^^
  File "C:\Projects\lectio\apps\textbook-agent\backend\src\infra\database\migrations\env.py", line 60, in run_migrations_online
    async with connectable.connect() as connection:
  File "C:\Projects\lectio\apps\textbook-agent\backend\.venv\Lib\site-packages\sqlalchemy\ext\asyncio\base.py", line 121, in __aenter__
    return await self.start(is_ctxmanager=True)
           ^^^^^^^^^^^^^^^^^^^^^^^^^^^^^^^^^^^^
  File "C:\Projects\lectio\apps\textbook-agent\backend\.venv\Lib\site-packages\sqlalchemy\ext\asyncio\engine.py", line 275, in start
    await greenlet_spawn(self.sync_engine.connect)
  File "C:\Projects\lectio\apps\textbook-agent\backend\.venv\Lib\site-packages\sqlalchemy\util\_concurrency_py3k.py", line 201, in greenlet_spawn
    result = context.throw(*sys.exc_info())
             ^^^^^^^^^^^^^^^^^^^^^^^^^^^^^^
  File "C:\Projects\lectio\apps\textbook-agent\backend\.venv\Lib\site-packages\sqlalchemy\engine\base.py", line 3293, in connect
    return self._connection_cls(self)
           ^^^^^^^^^^^^^^^^^^^^^^^^^^
  File "C:\Projects\lectio\apps\textbook-agent\backend\.venv\Lib\site-packages\sqlalchemy\engine\base.py", line 143, in __init__
    self._dbapi_connection = engine.raw_connection()
                             ^^^^^^^^^^^^^^^^^^^^^^^
  File "C:\Projects\lectio\apps\textbook-agent\backend\.venv\Lib\site-packages\sqlalchemy\engine\base.py", line 3317, in raw_connection
    return self.pool.connect()
           ^^^^^^^^^^^^^^^^^^^
  File "C:\Projects\lectio\apps\textbook-agent\backend\.venv\Lib\site-packages\sqlalchemy\pool\base.py", line 448, in connect
    return _ConnectionFairy._checkout(self)
           ^^^^^^^^^^^^^^^^^^^^^^^^^^^^^^^^
  File "C:\Projects\lectio\apps\textbook-agent\backend\.venv\Lib\site-packages\sqlalchemy\pool\base.py", line 1272, in _checkout
    fairy = _ConnectionRecord.checkout(pool)
            ^^^^^^^^^^^^^^^^^^^^^^^^^^^^^^^^
  File "C:\Projects\lectio\apps\textbook-agent\backend\.venv\Lib\site-packages\sqlalchemy\pool\base.py", line 712, in checkout
    rec = pool._do_get()
          ^^^^^^^^^^^^^^
  File "C:\Projects\lectio\apps\textbook-agent\backend\.venv\Lib\site-packages\sqlalchemy\pool\impl.py", line 306, in _do_get
    return self._create_connection()
           ^^^^^^^^^^^^^^^^^^^^^^^^^
  File "C:\Projects\lectio\apps\textbook-agent\backend\.venv\Lib\site-packages\sqlalchemy\pool\base.py", line 389, in _create_connection
    return _ConnectionRecord(self)
           ^^^^^^^^^^^^^^^^^^^^^^^
  File "C:\Projects\lectio\apps\textbook-agent\backend\.venv\Lib\site-packages\sqlalchemy\pool\base.py", line 674, in __init__
    self.__connect()
  File "C:\Projects\lectio\apps\textbook-agent\backend\.venv\Lib\site-packages\sqlalchemy\pool\base.py", line 900, in __connect
    with util.safe_reraise():
  File "C:\Projects\lectio\apps\textbook-agent\backend\.venv\Lib\site-packages\sqlalchemy\util\langhelpers.py", line 121, in __exit__
    raise exc_value.with_traceback(exc_tb)
  File "C:\Projects\lectio\apps\textbook-agent\backend\.venv\Lib\site-packages\sqlalchemy\pool\base.py", line 896, in __connect
    self.dbapi_connection = connection = pool._invoke_creator(self)
                                         ^^^^^^^^^^^^^^^^^^^^^^^^^^
  File "C:\Projects\lectio\apps\textbook-agent\backend\.venv\Lib\site-packages\sqlalchemy\engine\create.py", line 667, in connect
    return dialect.connect(*cargs_tup, **cparams)
           ^^^^^^^^^^^^^^^^^^^^^^^^^^^^^^^^^^^^^^
  File "C:\Projects\lectio\apps\textbook-agent\backend\.venv\Lib\site-packages\sqlalchemy\engine\default.py", line 630, in connect
    return self.loaded_dbapi.connect(*cargs, **cparams)  # type: ignore[no-any-return]  # NOQA: E501
           ^^^^^^^^^^^^^^^^^^^^^^^^^^^^^^^^^^^^^^^^^^^^
  File "C:\Projects\lectio\apps\textbook-agent\backend\.venv\Lib\site-packages\sqlalchemy\dialects\postgresql\asyncpg.py", line 955, in connect
    await_only(creator_fn(*arg, **kw)),
    ^^^^^^^^^^^^^^^^^^^^^^^^^^^^^^^^^^
  File "C:\Projects\lectio\apps\textbook-agent\backend\.venv\Lib\site-packages\sqlalchemy\util\_concurrency_py3k.py", line 132, in await_only
    return current.parent.switch(awaitable)  # type: ignore[no-any-return,attr-defined] # noqa: E501
           ^^^^^^^^^^^^^^^^^^^^^^^^^^^^^^^^
  File "C:\Projects\lectio\apps\textbook-agent\backend\.venv\Lib\site-packages\sqlalchemy\util\_concurrency_py3k.py", line 196, in greenlet_spawn
    value = await result
            ^^^^^^^^^^^^
  File "C:\Projects\lectio\apps\textbook-agent\backend\.venv\Lib\site-packages\asyncpg\connection.py", line 2443, in connect
    return await connect_utils._connect(
           ^^^^^^^^^^^^^^^^^^^^^^^^^^^^^
  File "C:\Projects\lectio\apps\textbook-agent\backend\.venv\Lib\site-packages\asyncpg\connect_utils.py", line 1249, in _connect
    raise last_error or exceptions.TargetServerAttributeNotMatched(
  File "C:\Projects\lectio\apps\textbook-agent\backend\.venv\Lib\site-packages\asyncpg\connect_utils.py", line 1218, in _connect
    conn = await _connect_addr(
           ^^^^^^^^^^^^^^^^^^^^
  File "C:\Projects\lectio\apps\textbook-agent\backend\.venv\Lib\site-packages\asyncpg\connect_utils.py", line 1054, in _connect_addr
    return await __connect_addr(params, True, *args)
           ^^^^^^^^^^^^^^^^^^^^^^^^^^^^^^^^^^^^^^^^^
  File "C:\Projects\lectio\apps\textbook-agent\backend\.venv\Lib\site-packages\asyncpg\connect_utils.py", line 1099, in __connect_addr
    tr, pr = await connector
             ^^^^^^^^^^^^^^^
  File "C:\Projects\lectio\apps\textbook-agent\backend\.venv\Lib\site-packages\asyncpg\connect_utils.py", line 969, in _create_ssl_connection
    tr, pr = await loop.create_connection(
             ^^^^^^^^^^^^^^^^^^^^^^^^^^^^^
  File "C:\Users\richi\AppData\Roaming\uv\python\cpython-3.11-windows-x86_64-none\Lib\asyncio\base_events.py", line 1086, in create_connection
    raise exceptions[0]
  File "C:\Users\richi\AppData\Roaming\uv\python\cpython-3.11-windows-x86_64-none\Lib\asyncio\base_events.py", line 1070, in create_connection
    sock = await self._connect_sock(
           ^^^^^^^^^^^^^^^^^^^^^^^^^
  File "C:\Users\richi\AppData\Roaming\uv\python\cpython-3.11-windows-x86_64-none\Lib\asyncio\base_events.py", line 974, in _connect_sock
    await self.sock_connect(sock, address)
  File "C:\Users\richi\AppData\Roaming\uv\python\cpython-3.11-windows-x86_64-none\Lib\asyncio\proactor_events.py", line 726, in sock_connect
    return await self._proactor.connect(sock, address)
           ^^^^^^^^^^^^^^^^^^^^^^^^^^^^^^^^^^^^^^^^^^^
  File "C:\Users\richi\AppData\Roaming\uv\python\cpython-3.11-windows-x86_64-none\Lib\asyncio\windows_events.py", line 854, in _poll
    value = callback(transferred, key, ov)
            ^^^^^^^^^^^^^^^^^^^^^^^^^^^^^^
  File "C:\Users\richi\AppData\Roaming\uv\python\cpython-3.11-windows-x86_64-none\Lib\asyncio\windows_events.py", line 641, in finish_connect
    ov.getresult()
ConnectionRefusedError: [WinError 1225] The remote computer refused the network connection

ERROR:    Application startup failed. Exiting.
WARNING:  WatchFiles detected changes in '_diag_live_state.py'. Reloading...
C:\Projects\lectio\apps\textbook-agent\backend\src\contracts\generation_manifest.py:6: UserWarning: Field name "schema" in "GenerationFieldContract" shadows an attribute in parent "BaseModel"
  class GenerationFieldContract(BaseModel):
INFO:     Started server process [43708]
INFO:     Waiting for application startup.
ERROR:    Traceback (most recent call last):
  File "C:\Projects\lectio\apps\textbook-agent\backend\.venv\Lib\site-packages\starlette\routing.py", line 638, in lifespan
    async with self.lifespan_context(app) as maybe_state:
  File "C:\Users\richi\AppData\Roaming\uv\python\cpython-3.11-windows-x86_64-none\Lib\contextlib.py", line 210, in __aenter__
    return await anext(self.gen)
           ^^^^^^^^^^^^^^^^^^^^^
  File "C:\Projects\lectio\apps\textbook-agent\backend\.venv\Lib\site-packages\fastapi\routing.py", line 240, in merged_lifespan
    async with original_context(app) as maybe_original_state:
  File "C:\Users\richi\AppData\Roaming\uv\python\cpython-3.11-windows-x86_64-none\Lib\contextlib.py", line 210, in __aenter__
    return await anext(self.gen)
           ^^^^^^^^^^^^^^^^^^^^^
  File "C:\Projects\lectio\apps\textbook-agent\backend\.venv\Lib\site-packages\fastapi\routing.py", line 240, in merged_lifespan
    async with original_context(app) as maybe_original_state:
  File "C:\Users\richi\AppData\Roaming\uv\python\cpython-3.11-windows-x86_64-none\Lib\contextlib.py", line 210, in __aenter__
    return await anext(self.gen)
           ^^^^^^^^^^^^^^^^^^^^^
  File "C:\Projects\lectio\apps\textbook-agent\backend\.venv\Lib\site-packages\fastapi\routing.py", line 240, in merged_lifespan
    async with original_context(app) as maybe_original_state:
  File "C:\Users\richi\AppData\Roaming\uv\python\cpython-3.11-windows-x86_64-none\Lib\contextlib.py", line 210, in __aenter__
    return await anext(self.gen)
           ^^^^^^^^^^^^^^^^^^^^^
  File "C:\Projects\lectio\apps\textbook-agent\backend\.venv\Lib\site-packages\fastapi\routing.py", line 240, in merged_lifespan
    async with original_context(app) as maybe_original_state:
  File "C:\Users\richi\AppData\Roaming\uv\python\cpython-3.11-windows-x86_64-none\Lib\contextlib.py", line 210, in __aenter__
    return await anext(self.gen)
           ^^^^^^^^^^^^^^^^^^^^^
  File "C:\Projects\lectio\apps\textbook-agent\backend\.venv\Lib\site-packages\fastapi\routing.py", line 240, in merged_lifespan
    async with original_context(app) as maybe_original_state:
  File "C:\Users\richi\AppData\Roaming\uv\python\cpython-3.11-windows-x86_64-none\Lib\contextlib.py", line 210, in __aenter__
    return await anext(self.gen)
           ^^^^^^^^^^^^^^^^^^^^^
  File "C:\Projects\lectio\apps\textbook-agent\backend\.venv\Lib\site-packages\fastapi\routing.py", line 240, in merged_lifespan
    async with original_context(app) as maybe_original_state:
  File "C:\Users\richi\AppData\Roaming\uv\python\cpython-3.11-windows-x86_64-none\Lib\contextlib.py", line 210, in __aenter__
    return await anext(self.gen)
           ^^^^^^^^^^^^^^^^^^^^^
  File "C:\Projects\lectio\apps\textbook-agent\backend\.venv\Lib\site-packages\fastapi\routing.py", line 240, in merged_lifespan
    async with original_context(app) as maybe_original_state:
  File "C:\Users\richi\AppData\Roaming\uv\python\cpython-3.11-windows-x86_64-none\Lib\contextlib.py", line 210, in __aenter__
    return await anext(self.gen)
           ^^^^^^^^^^^^^^^^^^^^^
  File "C:\Projects\lectio\apps\textbook-agent\backend\.venv\Lib\site-packages\fastapi\routing.py", line 240, in merged_lifespan
    async with original_context(app) as maybe_original_state:
  File "C:\Users\richi\AppData\Roaming\uv\python\cpython-3.11-windows-x86_64-none\Lib\contextlib.py", line 210, in __aenter__
    return await anext(self.gen)
           ^^^^^^^^^^^^^^^^^^^^^
  File "C:\Projects\lectio\apps\textbook-agent\backend\.venv\Lib\site-packages\fastapi\routing.py", line 240, in merged_lifespan
    async with original_context(app) as maybe_original_state:
  File "C:\Users\richi\AppData\Roaming\uv\python\cpython-3.11-windows-x86_64-none\Lib\contextlib.py", line 210, in __aenter__
    return await anext(self.gen)
           ^^^^^^^^^^^^^^^^^^^^^
  File "C:\Projects\lectio\apps\textbook-agent\backend\.venv\Lib\site-packages\fastapi\routing.py", line 240, in merged_lifespan
    async with original_context(app) as maybe_original_state:
  File "C:\Users\richi\AppData\Roaming\uv\python\cpython-3.11-windows-x86_64-none\Lib\contextlib.py", line 210, in __aenter__
    return await anext(self.gen)
           ^^^^^^^^^^^^^^^^^^^^^
  File "C:\Projects\lectio\apps\textbook-agent\backend\.venv\Lib\site-packages\fastapi\routing.py", line 240, in merged_lifespan
    async with original_context(app) as maybe_original_state:
  File "C:\Users\richi\AppData\Roaming\uv\python\cpython-3.11-windows-x86_64-none\Lib\contextlib.py", line 210, in __aenter__
    return await anext(self.gen)
           ^^^^^^^^^^^^^^^^^^^^^
  File "C:\Projects\lectio\apps\textbook-agent\backend\.venv\Lib\site-packages\fastapi\routing.py", line 240, in merged_lifespan
    async with original_context(app) as maybe_original_state:
  File "C:\Users\richi\AppData\Roaming\uv\python\cpython-3.11-windows-x86_64-none\Lib\contextlib.py", line 210, in __aenter__
    return await anext(self.gen)
           ^^^^^^^^^^^^^^^^^^^^^
  File "C:\Projects\lectio\apps\textbook-agent\backend\.venv\Lib\site-packages\fastapi\routing.py", line 240, in merged_lifespan
    async with original_context(app) as maybe_original_state:
  File "C:\Users\richi\AppData\Roaming\uv\python\cpython-3.11-windows-x86_64-none\Lib\contextlib.py", line 210, in __aenter__
    return await anext(self.gen)
           ^^^^^^^^^^^^^^^^^^^^^
  File "C:\Projects\lectio\apps\textbook-agent\backend\.venv\Lib\site-packages\fastapi\routing.py", line 240, in merged_lifespan
    async with original_context(app) as maybe_original_state:
  File "C:\Users\richi\AppData\Roaming\uv\python\cpython-3.11-windows-x86_64-none\Lib\contextlib.py", line 210, in __aenter__
    return await anext(self.gen)
           ^^^^^^^^^^^^^^^^^^^^^
  File "C:\Projects\lectio\apps\textbook-agent\backend\.venv\Lib\site-packages\fastapi\routing.py", line 240, in merged_lifespan
    async with original_context(app) as maybe_original_state:
  File "C:\Users\richi\AppData\Roaming\uv\python\cpython-3.11-windows-x86_64-none\Lib\contextlib.py", line 210, in __aenter__
    return await anext(self.gen)
           ^^^^^^^^^^^^^^^^^^^^^
  File "C:\Projects\lectio\apps\textbook-agent\backend\.venv\Lib\site-packages\fastapi\routing.py", line 240, in merged_lifespan
    async with original_context(app) as maybe_original_state:
  File "C:\Users\richi\AppData\Roaming\uv\python\cpython-3.11-windows-x86_64-none\Lib\contextlib.py", line 210, in __aenter__
    return await anext(self.gen)
           ^^^^^^^^^^^^^^^^^^^^^
  File "C:\Projects\lectio\apps\textbook-agent\backend\src\app.py", line 230, in lifespan
    await asyncio.to_thread(upgrade_database)
  File "C:\Users\richi\AppData\Roaming\uv\python\cpython-3.11-windows-x86_64-none\Lib\asyncio\threads.py", line 25, in to_thread
    return await loop.run_in_executor(None, func_call)
           ^^^^^^^^^^^^^^^^^^^^^^^^^^^^^^^^^^^^^^^^^^^
  File "C:\Users\richi\AppData\Roaming\uv\python\cpython-3.11-windows-x86_64-none\Lib\concurrent\futures\thread.py", line 58, in run
    result = self.fn(*self.args, **self.kwargs)
             ^^^^^^^^^^^^^^^^^^^^^^^^^^^^^^^^^^
  File "C:\Projects\lectio\apps\textbook-agent\backend\src\infra\database\migrations\runner.py", line 43, in upgrade_database
    command.upgrade(_alembic_config(), revision)
  File "C:\Projects\lectio\apps\textbook-agent\backend\.venv\Lib\site-packages\alembic\command.py", line 483, in upgrade
    script.run_env()
  File "C:\Projects\lectio\apps\textbook-agent\backend\.venv\Lib\site-packages\alembic\script\base.py", line 545, in run_env
    util.load_python_file(self.dir, "env.py")
  File "C:\Projects\lectio\apps\textbook-agent\backend\.venv\Lib\site-packages\alembic\util\pyfiles.py", line 116, in load_python_file
    module = load_module_py(module_id, path)
             ^^^^^^^^^^^^^^^^^^^^^^^^^^^^^^^
  File "C:\Projects\lectio\apps\textbook-agent\backend\.venv\Lib\site-packages\alembic\util\pyfiles.py", line 136, in load_module_py
    spec.loader.exec_module(module)  # type: ignore
    ^^^^^^^^^^^^^^^^^^^^^^^^^^^^^^^
  File "<frozen importlib._bootstrap_external>", line 940, in exec_module
  File "<frozen importlib._bootstrap>", line 241, in _call_with_frames_removed
  File "C:\Projects\lectio\apps\textbook-agent\backend\src\infra\database\migrations\env.py", line 69, in <module>
    asyncio.run(run_migrations_online())
  File "C:\Users\richi\AppData\Roaming\uv\python\cpython-3.11-windows-x86_64-none\Lib\asyncio\runners.py", line 190, in run
    return runner.run(main)
           ^^^^^^^^^^^^^^^^
  File "C:\Users\richi\AppData\Roaming\uv\python\cpython-3.11-windows-x86_64-none\Lib\asyncio\runners.py", line 118, in run
    return self._loop.run_until_complete(task)
           ^^^^^^^^^^^^^^^^^^^^^^^^^^^^^^^^^^^
  File "C:\Users\richi\AppData\Roaming\uv\python\cpython-3.11-windows-x86_64-none\Lib\asyncio\base_events.py", line 654, in run_until_complete
    return future.result()
           ^^^^^^^^^^^^^^^
  File "C:\Projects\lectio\apps\textbook-agent\backend\src\infra\database\migrations\env.py", line 60, in run_migrations_online
    async with connectable.connect() as connection:
  File "C:\Projects\lectio\apps\textbook-agent\backend\.venv\Lib\site-packages\sqlalchemy\ext\asyncio\base.py", line 121, in __aenter__
    return await self.start(is_ctxmanager=True)
           ^^^^^^^^^^^^^^^^^^^^^^^^^^^^^^^^^^^^
  File "C:\Projects\lectio\apps\textbook-agent\backend\.venv\Lib\site-packages\sqlalchemy\ext\asyncio\engine.py", line 275, in start
    await greenlet_spawn(self.sync_engine.connect)
  File "C:\Projects\lectio\apps\textbook-agent\backend\.venv\Lib\site-packages\sqlalchemy\util\_concurrency_py3k.py", line 201, in greenlet_spawn
    result = context.throw(*sys.exc_info())
             ^^^^^^^^^^^^^^^^^^^^^^^^^^^^^^
  File "C:\Projects\lectio\apps\textbook-agent\backend\.venv\Lib\site-packages\sqlalchemy\engine\base.py", line 3293, in connect
    return self._connection_cls(self)
           ^^^^^^^^^^^^^^^^^^^^^^^^^^
  File "C:\Projects\lectio\apps\textbook-agent\backend\.venv\Lib\site-packages\sqlalchemy\engine\base.py", line 143, in __init__
    self._dbapi_connection = engine.raw_connection()
                             ^^^^^^^^^^^^^^^^^^^^^^^
  File "C:\Projects\lectio\apps\textbook-agent\backend\.venv\Lib\site-packages\sqlalchemy\engine\base.py", line 3317, in raw_connection
    return self.pool.connect()
           ^^^^^^^^^^^^^^^^^^^
  File "C:\Projects\lectio\apps\textbook-agent\backend\.venv\Lib\site-packages\sqlalchemy\pool\base.py", line 448, in connect
    return _ConnectionFairy._checkout(self)
           ^^^^^^^^^^^^^^^^^^^^^^^^^^^^^^^^
  File "C:\Projects\lectio\apps\textbook-agent\backend\.venv\Lib\site-packages\sqlalchemy\pool\base.py", line 1272, in _checkout
    fairy = _ConnectionRecord.checkout(pool)
            ^^^^^^^^^^^^^^^^^^^^^^^^^^^^^^^^
  File "C:\Projects\lectio\apps\textbook-agent\backend\.venv\Lib\site-packages\sqlalchemy\pool\base.py", line 712, in checkout
    rec = pool._do_get()
          ^^^^^^^^^^^^^^
  File "C:\Projects\lectio\apps\textbook-agent\backend\.venv\Lib\site-packages\sqlalchemy\pool\impl.py", line 306, in _do_get
    return self._create_connection()
           ^^^^^^^^^^^^^^^^^^^^^^^^^
  File "C:\Projects\lectio\apps\textbook-agent\backend\.venv\Lib\site-packages\sqlalchemy\pool\base.py", line 389, in _create_connection
    return _ConnectionRecord(self)
           ^^^^^^^^^^^^^^^^^^^^^^^
  File "C:\Projects\lectio\apps\textbook-agent\backend\.venv\Lib\site-packages\sqlalchemy\pool\base.py", line 674, in __init__
    self.__connect()
  File "C:\Projects\lectio\apps\textbook-agent\backend\.venv\Lib\site-packages\sqlalchemy\pool\base.py", line 900, in __connect
    with util.safe_reraise():
  File "C:\Projects\lectio\apps\textbook-agent\backend\.venv\Lib\site-packages\sqlalchemy\util\langhelpers.py", line 121, in __exit__
    raise exc_value.with_traceback(exc_tb)
  File "C:\Projects\lectio\apps\textbook-agent\backend\.venv\Lib\site-packages\sqlalchemy\pool\base.py", line 896, in __connect
    self.dbapi_connection = connection = pool._invoke_creator(self)
                                         ^^^^^^^^^^^^^^^^^^^^^^^^^^
  File "C:\Projects\lectio\apps\textbook-agent\backend\.venv\Lib\site-packages\sqlalchemy\engine\create.py", line 667, in connect
    return dialect.connect(*cargs_tup, **cparams)
           ^^^^^^^^^^^^^^^^^^^^^^^^^^^^^^^^^^^^^^
  File "C:\Projects\lectio\apps\textbook-agent\backend\.venv\Lib\site-packages\sqlalchemy\engine\default.py", line 630, in connect
    return self.loaded_dbapi.connect(*cargs, **cparams)  # type: ignore[no-any-return]  # NOQA: E501
           ^^^^^^^^^^^^^^^^^^^^^^^^^^^^^^^^^^^^^^^^^^^^
  File "C:\Projects\lectio\apps\textbook-agent\backend\.venv\Lib\site-packages\sqlalchemy\dialects\postgresql\asyncpg.py", line 955, in connect
    await_only(creator_fn(*arg, **kw)),
    ^^^^^^^^^^^^^^^^^^^^^^^^^^^^^^^^^^
  File "C:\Projects\lectio\apps\textbook-agent\backend\.venv\Lib\site-packages\sqlalchemy\util\_concurrency_py3k.py", line 132, in await_only
    return current.parent.switch(awaitable)  # type: ignore[no-any-return,attr-defined] # noqa: E501
           ^^^^^^^^^^^^^^^^^^^^^^^^^^^^^^^^
  File "C:\Projects\lectio\apps\textbook-agent\backend\.venv\Lib\site-packages\sqlalchemy\util\_concurrency_py3k.py", line 196, in greenlet_spawn
    value = await result
            ^^^^^^^^^^^^
  File "C:\Projects\lectio\apps\textbook-agent\backend\.venv\Lib\site-packages\asyncpg\connection.py", line 2443, in connect
    return await connect_utils._connect(
           ^^^^^^^^^^^^^^^^^^^^^^^^^^^^^
  File "C:\Projects\lectio\apps\textbook-agent\backend\.venv\Lib\site-packages\asyncpg\connect_utils.py", line 1249, in _connect
    raise last_error or exceptions.TargetServerAttributeNotMatched(
  File "C:\Projects\lectio\apps\textbook-agent\backend\.venv\Lib\site-packages\asyncpg\connect_utils.py", line 1218, in _connect
    conn = await _connect_addr(
           ^^^^^^^^^^^^^^^^^^^^
  File "C:\Projects\lectio\apps\textbook-agent\backend\.venv\Lib\site-packages\asyncpg\connect_utils.py", line 1054, in _connect_addr
    return await __connect_addr(params, True, *args)
           ^^^^^^^^^^^^^^^^^^^^^^^^^^^^^^^^^^^^^^^^^
  File "C:\Projects\lectio\apps\textbook-agent\backend\.venv\Lib\site-packages\asyncpg\connect_utils.py", line 1099, in __connect_addr
    tr, pr = await connector
             ^^^^^^^^^^^^^^^
  File "C:\Projects\lectio\apps\textbook-agent\backend\.venv\Lib\site-packages\asyncpg\connect_utils.py", line 969, in _create_ssl_connection
    tr, pr = await loop.create_connection(
             ^^^^^^^^^^^^^^^^^^^^^^^^^^^^^
  File "C:\Users\richi\AppData\Roaming\uv\python\cpython-3.11-windows-x86_64-none\Lib\asyncio\base_events.py", line 1086, in create_connection
    raise exceptions[0]
  File "C:\Users\richi\AppData\Roaming\uv\python\cpython-3.11-windows-x86_64-none\Lib\asyncio\base_events.py", line 1070, in create_connection
    sock = await self._connect_sock(
           ^^^^^^^^^^^^^^^^^^^^^^^^^
  File "C:\Users\richi\AppData\Roaming\uv\python\cpython-3.11-windows-x86_64-none\Lib\asyncio\base_events.py", line 974, in _connect_sock
    await self.sock_connect(sock, address)
  File "C:\Users\richi\AppData\Roaming\uv\python\cpython-3.11-windows-x86_64-none\Lib\asyncio\proactor_events.py", line 726, in sock_connect
    return await self._proactor.connect(sock, address)
           ^^^^^^^^^^^^^^^^^^^^^^^^^^^^^^^^^^^^^^^^^^^
  File "C:\Users\richi\AppData\Roaming\uv\python\cpython-3.11-windows-x86_64-none\Lib\asyncio\windows_events.py", line 854, in _poll
    value = callback(transferred, key, ov)
            ^^^^^^^^^^^^^^^^^^^^^^^^^^^^^^
  File "C:\Users\richi\AppData\Roaming\uv\python\cpython-3.11-windows-x86_64-none\Lib\asyncio\windows_events.py", line 641, in finish_connect
    ov.getresult()
ConnectionRefusedError: [WinError 1225] The remote computer refused the network connection

ERROR:    Application startup failed. Exiting.
WARNING:  WatchFiles detected changes in 'src\curriculum\routes.py'. Reloading...
C:\Projects\lectio\apps\textbook-agent\backend\src\contracts\generation_manifest.py:6: UserWarning: Field name "schema" in "GenerationFieldContract" shadows an attribute in parent "BaseModel"
  class GenerationFieldContract(BaseModel):
INFO:     Started server process [27872]
INFO:     Waiting for application startup.
ERROR:    Traceback (most recent call last):
  File "C:\Projects\lectio\apps\textbook-agent\backend\.venv\Lib\site-packages\starlette\routing.py", line 638, in lifespan
    async with self.lifespan_context(app) as maybe_state:
  File "C:\Users\richi\AppData\Roaming\uv\python\cpython-3.11-windows-x86_64-none\Lib\contextlib.py", line 210, in __aenter__
    return await anext(self.gen)
           ^^^^^^^^^^^^^^^^^^^^^
  File "C:\Projects\lectio\apps\textbook-agent\backend\.venv\Lib\site-packages\fastapi\routing.py", line 240, in merged_lifespan
    async with original_context(app) as maybe_original_state:
  File "C:\Users\richi\AppData\Roaming\uv\python\cpython-3.11-windows-x86_64-none\Lib\contextlib.py", line 210, in __aenter__
    return await anext(self.gen)
           ^^^^^^^^^^^^^^^^^^^^^
  File "C:\Projects\lectio\apps\textbook-agent\backend\.venv\Lib\site-packages\fastapi\routing.py", line 240, in merged_lifespan
    async with original_context(app) as maybe_original_state:
  File "C:\Users\richi\AppData\Roaming\uv\python\cpython-3.11-windows-x86_64-none\Lib\contextlib.py", line 210, in __aenter__
    return await anext(self.gen)
           ^^^^^^^^^^^^^^^^^^^^^
  File "C:\Projects\lectio\apps\textbook-agent\backend\.venv\Lib\site-packages\fastapi\routing.py", line 240, in merged_lifespan
    async with original_context(app) as maybe_original_state:
  File "C:\Users\richi\AppData\Roaming\uv\python\cpython-3.11-windows-x86_64-none\Lib\contextlib.py", line 210, in __aenter__
    return await anext(self.gen)
           ^^^^^^^^^^^^^^^^^^^^^
  File "C:\Projects\lectio\apps\textbook-agent\backend\.venv\Lib\site-packages\fastapi\routing.py", line 240, in merged_lifespan
    async with original_context(app) as maybe_original_state:
  File "C:\Users\richi\AppData\Roaming\uv\python\cpython-3.11-windows-x86_64-none\Lib\contextlib.py", line 210, in __aenter__
    return await anext(self.gen)
           ^^^^^^^^^^^^^^^^^^^^^
  File "C:\Projects\lectio\apps\textbook-agent\backend\.venv\Lib\site-packages\fastapi\routing.py", line 240, in merged_lifespan
    async with original_context(app) as maybe_original_state:
  File "C:\Users\richi\AppData\Roaming\uv\python\cpython-3.11-windows-x86_64-none\Lib\contextlib.py", line 210, in __aenter__
    return await anext(self.gen)
           ^^^^^^^^^^^^^^^^^^^^^
  File "C:\Projects\lectio\apps\textbook-agent\backend\.venv\Lib\site-packages\fastapi\routing.py", line 240, in merged_lifespan
    async with original_context(app) as maybe_original_state:
  File "C:\Users\richi\AppData\Roaming\uv\python\cpython-3.11-windows-x86_64-none\Lib\contextlib.py", line 210, in __aenter__
    return await anext(self.gen)
           ^^^^^^^^^^^^^^^^^^^^^
  File "C:\Projects\lectio\apps\textbook-agent\backend\.venv\Lib\site-packages\fastapi\routing.py", line 240, in merged_lifespan
    async with original_context(app) as maybe_original_state:
  File "C:\Users\richi\AppData\Roaming\uv\python\cpython-3.11-windows-x86_64-none\Lib\contextlib.py", line 210, in __aenter__
    return await anext(self.gen)
           ^^^^^^^^^^^^^^^^^^^^^
  File "C:\Projects\lectio\apps\textbook-agent\backend\.venv\Lib\site-packages\fastapi\routing.py", line 240, in merged_lifespan
    async with original_context(app) as maybe_original_state:
  File "C:\Users\richi\AppData\Roaming\uv\python\cpython-3.11-windows-x86_64-none\Lib\contextlib.py", line 210, in __aenter__
    return await anext(self.gen)
           ^^^^^^^^^^^^^^^^^^^^^
  File "C:\Projects\lectio\apps\textbook-agent\backend\.venv\Lib\site-packages\fastapi\routing.py", line 240, in merged_lifespan
    async with original_context(app) as maybe_original_state:
  File "C:\Users\richi\AppData\Roaming\uv\python\cpython-3.11-windows-x86_64-none\Lib\contextlib.py", line 210, in __aenter__
    return await anext(self.gen)
           ^^^^^^^^^^^^^^^^^^^^^
  File "C:\Projects\lectio\apps\textbook-agent\backend\.venv\Lib\site-packages\fastapi\routing.py", line 240, in merged_lifespan
    async with original_context(app) as maybe_original_state:
  File "C:\Users\richi\AppData\Roaming\uv\python\cpython-3.11-windows-x86_64-none\Lib\contextlib.py", line 210, in __aenter__
    return await anext(self.gen)
           ^^^^^^^^^^^^^^^^^^^^^
  File "C:\Projects\lectio\apps\textbook-agent\backend\.venv\Lib\site-packages\fastapi\routing.py", line 240, in merged_lifespan
    async with original_context(app) as maybe_original_state:
  File "C:\Users\richi\AppData\Roaming\uv\python\cpython-3.11-windows-x86_64-none\Lib\contextlib.py", line 210, in __aenter__
    return await anext(self.gen)
           ^^^^^^^^^^^^^^^^^^^^^
  File "C:\Projects\lectio\apps\textbook-agent\backend\.venv\Lib\site-packages\fastapi\routing.py", line 240, in merged_lifespan
    async with original_context(app) as maybe_original_state:
  File "C:\Users\richi\AppData\Roaming\uv\python\cpython-3.11-windows-x86_64-none\Lib\contextlib.py", line 210, in __aenter__
    return await anext(self.gen)
           ^^^^^^^^^^^^^^^^^^^^^
  File "C:\Projects\lectio\apps\textbook-agent\backend\.venv\Lib\site-packages\fastapi\routing.py", line 240, in merged_lifespan
    async with original_context(app) as maybe_original_state:
  File "C:\Users\richi\AppData\Roaming\uv\python\cpython-3.11-windows-x86_64-none\Lib\contextlib.py", line 210, in __aenter__
    return await anext(self.gen)
           ^^^^^^^^^^^^^^^^^^^^^
  File "C:\Projects\lectio\apps\textbook-agent\backend\.venv\Lib\site-packages\fastapi\routing.py", line 240, in merged_lifespan
    async with original_context(app) as maybe_original_state:
  File "C:\Users\richi\AppData\Roaming\uv\python\cpython-3.11-windows-x86_64-none\Lib\contextlib.py", line 210, in __aenter__
    return await anext(self.gen)
           ^^^^^^^^^^^^^^^^^^^^^
  File "C:\Projects\lectio\apps\textbook-agent\backend\.venv\Lib\site-packages\fastapi\routing.py", line 240, in merged_lifespan
    async with original_context(app) as maybe_original_state:
  File "C:\Users\richi\AppData\Roaming\uv\python\cpython-3.11-windows-x86_64-none\Lib\contextlib.py", line 210, in __aenter__
    return await anext(self.gen)
           ^^^^^^^^^^^^^^^^^^^^^
  File "C:\Projects\lectio\apps\textbook-agent\backend\.venv\Lib\site-packages\fastapi\routing.py", line 240, in merged_lifespan
    async with original_context(app) as maybe_original_state:
  File "C:\Users\richi\AppData\Roaming\uv\python\cpython-3.11-windows-x86_64-none\Lib\contextlib.py", line 210, in __aenter__
    return await anext(self.gen)
           ^^^^^^^^^^^^^^^^^^^^^
  File "C:\Projects\lectio\apps\textbook-agent\backend\src\app.py", line 230, in lifespan
    await asyncio.to_thread(upgrade_database)
  File "C:\Users\richi\AppData\Roaming\uv\python\cpython-3.11-windows-x86_64-none\Lib\asyncio\threads.py", line 25, in to_thread
    return await loop.run_in_executor(None, func_call)
           ^^^^^^^^^^^^^^^^^^^^^^^^^^^^^^^^^^^^^^^^^^^
  File "C:\Users\richi\AppData\Roaming\uv\python\cpython-3.11-windows-x86_64-none\Lib\concurrent\futures\thread.py", line 58, in run
    result = self.fn(*self.args, **self.kwargs)
             ^^^^^^^^^^^^^^^^^^^^^^^^^^^^^^^^^^
  File "C:\Projects\lectio\apps\textbook-agent\backend\src\infra\database\migrations\runner.py", line 43, in upgrade_database
    command.upgrade(_alembic_config(), revision)
  File "C:\Projects\lectio\apps\textbook-agent\backend\.venv\Lib\site-packages\alembic\command.py", line 483, in upgrade
    script.run_env()
  File "C:\Projects\lectio\apps\textbook-agent\backend\.venv\Lib\site-packages\alembic\script\base.py", line 545, in run_env
    util.load_python_file(self.dir, "env.py")
  File "C:\Projects\lectio\apps\textbook-agent\backend\.venv\Lib\site-packages\alembic\util\pyfiles.py", line 116, in load_python_file
    module = load_module_py(module_id, path)
             ^^^^^^^^^^^^^^^^^^^^^^^^^^^^^^^
  File "C:\Projects\lectio\apps\textbook-agent\backend\.venv\Lib\site-packages\alembic\util\pyfiles.py", line 136, in load_module_py
    spec.loader.exec_module(module)  # type: ignore
    ^^^^^^^^^^^^^^^^^^^^^^^^^^^^^^^
  File "<frozen importlib._bootstrap_external>", line 940, in exec_module
  File "<frozen importlib._bootstrap>", line 241, in _call_with_frames_removed
  File "C:\Projects\lectio\apps\textbook-agent\backend\src\infra\database\migrations\env.py", line 69, in <module>
    asyncio.run(run_migrations_online())
  File "C:\Users\richi\AppData\Roaming\uv\python\cpython-3.11-windows-x86_64-none\Lib\asyncio\runners.py", line 190, in run
    return runner.run(main)
           ^^^^^^^^^^^^^^^^
  File "C:\Users\richi\AppData\Roaming\uv\python\cpython-3.11-windows-x86_64-none\Lib\asyncio\runners.py", line 118, in run
    return self._loop.run_until_complete(task)
           ^^^^^^^^^^^^^^^^^^^^^^^^^^^^^^^^^^^
  File "C:\Users\richi\AppData\Roaming\uv\python\cpython-3.11-windows-x86_64-none\Lib\asyncio\base_events.py", line 654, in run_until_complete
    return future.result()
           ^^^^^^^^^^^^^^^
  File "C:\Projects\lectio\apps\textbook-agent\backend\src\infra\database\migrations\env.py", line 60, in run_migrations_online
    async with connectable.connect() as connection:
  File "C:\Projects\lectio\apps\textbook-agent\backend\.venv\Lib\site-packages\sqlalchemy\ext\asyncio\base.py", line 121, in __aenter__
    return await self.start(is_ctxmanager=True)
           ^^^^^^^^^^^^^^^^^^^^^^^^^^^^^^^^^^^^
  File "C:\Projects\lectio\apps\textbook-agent\backend\.venv\Lib\site-packages\sqlalchemy\ext\asyncio\engine.py", line 275, in start
    await greenlet_spawn(self.sync_engine.connect)
  File "C:\Projects\lectio\apps\textbook-agent\backend\.venv\Lib\site-packages\sqlalchemy\util\_concurrency_py3k.py", line 201, in greenlet_spawn
    result = context.throw(*sys.exc_info())
             ^^^^^^^^^^^^^^^^^^^^^^^^^^^^^^
  File "C:\Projects\lectio\apps\textbook-agent\backend\.venv\Lib\site-packages\sqlalchemy\engine\base.py", line 3293, in connect
    return self._connection_cls(self)
           ^^^^^^^^^^^^^^^^^^^^^^^^^^
  File "C:\Projects\lectio\apps\textbook-agent\backend\.venv\Lib\site-packages\sqlalchemy\engine\base.py", line 143, in __init__
    self._dbapi_connection = engine.raw_connection()
                             ^^^^^^^^^^^^^^^^^^^^^^^
  File "C:\Projects\lectio\apps\textbook-agent\backend\.venv\Lib\site-packages\sqlalchemy\engine\base.py", line 3317, in raw_connection
    return self.pool.connect()
           ^^^^^^^^^^^^^^^^^^^
  File "C:\Projects\lectio\apps\textbook-agent\backend\.venv\Lib\site-packages\sqlalchemy\pool\base.py", line 448, in connect
    return _ConnectionFairy._checkout(self)
           ^^^^^^^^^^^^^^^^^^^^^^^^^^^^^^^^
  File "C:\Projects\lectio\apps\textbook-agent\backend\.venv\Lib\site-packages\sqlalchemy\pool\base.py", line 1272, in _checkout
    fairy = _ConnectionRecord.checkout(pool)
            ^^^^^^^^^^^^^^^^^^^^^^^^^^^^^^^^
  File "C:\Projects\lectio\apps\textbook-agent\backend\.venv\Lib\site-packages\sqlalchemy\pool\base.py", line 712, in checkout
    rec = pool._do_get()
          ^^^^^^^^^^^^^^
  File "C:\Projects\lectio\apps\textbook-agent\backend\.venv\Lib\site-packages\sqlalchemy\pool\impl.py", line 306, in _do_get
    return self._create_connection()
           ^^^^^^^^^^^^^^^^^^^^^^^^^
  File "C:\Projects\lectio\apps\textbook-agent\backend\.venv\Lib\site-packages\sqlalchemy\pool\base.py", line 389, in _create_connection
    return _ConnectionRecord(self)
           ^^^^^^^^^^^^^^^^^^^^^^^
  File "C:\Projects\lectio\apps\textbook-agent\backend\.venv\Lib\site-packages\sqlalchemy\pool\base.py", line 674, in __init__
    self.__connect()
  File "C:\Projects\lectio\apps\textbook-agent\backend\.venv\Lib\site-packages\sqlalchemy\pool\base.py", line 900, in __connect
    with util.safe_reraise():
  File "C:\Projects\lectio\apps\textbook-agent\backend\.venv\Lib\site-packages\sqlalchemy\util\langhelpers.py", line 121, in __exit__
    raise exc_value.with_traceback(exc_tb)
  File "C:\Projects\lectio\apps\textbook-agent\backend\.venv\Lib\site-packages\sqlalchemy\pool\base.py", line 896, in __connect
    self.dbapi_connection = connection = pool._invoke_creator(self)
                                         ^^^^^^^^^^^^^^^^^^^^^^^^^^
  File "C:\Projects\lectio\apps\textbook-agent\backend\.venv\Lib\site-packages\sqlalchemy\engine\create.py", line 667, in connect
    return dialect.connect(*cargs_tup, **cparams)
           ^^^^^^^^^^^^^^^^^^^^^^^^^^^^^^^^^^^^^^
  File "C:\Projects\lectio\apps\textbook-agent\backend\.venv\Lib\site-packages\sqlalchemy\engine\default.py", line 630, in connect
    return self.loaded_dbapi.connect(*cargs, **cparams)  # type: ignore[no-any-return]  # NOQA: E501
           ^^^^^^^^^^^^^^^^^^^^^^^^^^^^^^^^^^^^^^^^^^^^
  File "C:\Projects\lectio\apps\textbook-agent\backend\.venv\Lib\site-packages\sqlalchemy\dialects\postgresql\asyncpg.py", line 955, in connect
    await_only(creator_fn(*arg, **kw)),
    ^^^^^^^^^^^^^^^^^^^^^^^^^^^^^^^^^^
  File "C:\Projects\lectio\apps\textbook-agent\backend\.venv\Lib\site-packages\sqlalchemy\util\_concurrency_py3k.py", line 132, in await_only
    return current.parent.switch(awaitable)  # type: ignore[no-any-return,attr-defined] # noqa: E501
           ^^^^^^^^^^^^^^^^^^^^^^^^^^^^^^^^
  File "C:\Projects\lectio\apps\textbook-agent\backend\.venv\Lib\site-packages\sqlalchemy\util\_concurrency_py3k.py", line 196, in greenlet_spawn
    value = await result
            ^^^^^^^^^^^^
  File "C:\Projects\lectio\apps\textbook-agent\backend\.venv\Lib\site-packages\asyncpg\connection.py", line 2443, in connect
    return await connect_utils._connect(
           ^^^^^^^^^^^^^^^^^^^^^^^^^^^^^
  File "C:\Projects\lectio\apps\textbook-agent\backend\.venv\Lib\site-packages\asyncpg\connect_utils.py", line 1249, in _connect
    raise last_error or exceptions.TargetServerAttributeNotMatched(
  File "C:\Projects\lectio\apps\textbook-agent\backend\.venv\Lib\site-packages\asyncpg\connect_utils.py", line 1218, in _connect
    conn = await _connect_addr(
           ^^^^^^^^^^^^^^^^^^^^
  File "C:\Projects\lectio\apps\textbook-agent\backend\.venv\Lib\site-packages\asyncpg\connect_utils.py", line 1054, in _connect_addr
    return await __connect_addr(params, True, *args)
           ^^^^^^^^^^^^^^^^^^^^^^^^^^^^^^^^^^^^^^^^^
  File "C:\Projects\lectio\apps\textbook-agent\backend\.venv\Lib\site-packages\asyncpg\connect_utils.py", line 1099, in __connect_addr
    tr, pr = await connector
             ^^^^^^^^^^^^^^^
  File "C:\Projects\lectio\apps\textbook-agent\backend\.venv\Lib\site-packages\asyncpg\connect_utils.py", line 969, in _create_ssl_connection
    tr, pr = await loop.create_connection(
             ^^^^^^^^^^^^^^^^^^^^^^^^^^^^^
  File "C:\Users\richi\AppData\Roaming\uv\python\cpython-3.11-windows-x86_64-none\Lib\asyncio\base_events.py", line 1086, in create_connection
    raise exceptions[0]
  File "C:\Users\richi\AppData\Roaming\uv\python\cpython-3.11-windows-x86_64-none\Lib\asyncio\base_events.py", line 1070, in create_connection
    sock = await self._connect_sock(
           ^^^^^^^^^^^^^^^^^^^^^^^^^
  File "C:\Users\richi\AppData\Roaming\uv\python\cpython-3.11-windows-x86_64-none\Lib\asyncio\base_events.py", line 974, in _connect_sock
    await self.sock_connect(sock, address)
  File "C:\Users\richi\AppData\Roaming\uv\python\cpython-3.11-windows-x86_64-none\Lib\asyncio\proactor_events.py", line 726, in sock_connect
    return await self._proactor.connect(sock, address)
           ^^^^^^^^^^^^^^^^^^^^^^^^^^^^^^^^^^^^^^^^^^^
  File "C:\Users\richi\AppData\Roaming\uv\python\cpython-3.11-windows-x86_64-none\Lib\asyncio\windows_events.py", line 854, in _poll
    value = callback(transferred, key, ov)
            ^^^^^^^^^^^^^^^^^^^^^^^^^^^^^^
  File "C:\Users\richi\AppData\Roaming\uv\python\cpython-3.11-windows-x86_64-none\Lib\asyncio\windows_events.py", line 641, in finish_connect
    ov.getresult()
ConnectionRefusedError: [WinError 1225] The remote computer refused the network connection

ERROR:    Application startup failed. Exiting.
WARNING:  WatchFiles detected changes in 'src\application\unit_lesson\realization_contracts.py'. Reloading...
C:\Projects\lectio\apps\textbook-agent\backend\src\contracts\generation_manifest.py:6: UserWarning: Field name "schema" in "GenerationFieldContract" shadows an attribute in parent "BaseModel"
  class GenerationFieldContract(BaseModel):
INFO:     Started server process [17360]
INFO:     Waiting for application startup.
ERROR:    Traceback (most recent call last):
  File "C:\Projects\lectio\apps\textbook-agent\backend\.venv\Lib\site-packages\starlette\routing.py", line 638, in lifespan
    async with self.lifespan_context(app) as maybe_state:
  File "C:\Users\richi\AppData\Roaming\uv\python\cpython-3.11-windows-x86_64-none\Lib\contextlib.py", line 210, in __aenter__
    return await anext(self.gen)
           ^^^^^^^^^^^^^^^^^^^^^
  File "C:\Projects\lectio\apps\textbook-agent\backend\.venv\Lib\site-packages\fastapi\routing.py", line 240, in merged_lifespan
    async with original_context(app) as maybe_original_state:
  File "C:\Users\richi\AppData\Roaming\uv\python\cpython-3.11-windows-x86_64-none\Lib\contextlib.py", line 210, in __aenter__
    return await anext(self.gen)
           ^^^^^^^^^^^^^^^^^^^^^
  File "C:\Projects\lectio\apps\textbook-agent\backend\.venv\Lib\site-packages\fastapi\routing.py", line 240, in merged_lifespan
    async with original_context(app) as maybe_original_state:
  File "C:\Users\richi\AppData\Roaming\uv\python\cpython-3.11-windows-x86_64-none\Lib\contextlib.py", line 210, in __aenter__
    return await anext(self.gen)
           ^^^^^^^^^^^^^^^^^^^^^
  File "C:\Projects\lectio\apps\textbook-agent\backend\.venv\Lib\site-packages\fastapi\routing.py", line 240, in merged_lifespan
    async with original_context(app) as maybe_original_state:
  File "C:\Users\richi\AppData\Roaming\uv\python\cpython-3.11-windows-x86_64-none\Lib\contextlib.py", line 210, in __aenter__
    return await anext(self.gen)
           ^^^^^^^^^^^^^^^^^^^^^
  File "C:\Projects\lectio\apps\textbook-agent\backend\.venv\Lib\site-packages\fastapi\routing.py", line 240, in merged_lifespan
    async with original_context(app) as maybe_original_state:
  File "C:\Users\richi\AppData\Roaming\uv\python\cpython-3.11-windows-x86_64-none\Lib\contextlib.py", line 210, in __aenter__
    return await anext(self.gen)
           ^^^^^^^^^^^^^^^^^^^^^
  File "C:\Projects\lectio\apps\textbook-agent\backend\.venv\Lib\site-packages\fastapi\routing.py", line 240, in merged_lifespan
    async with original_context(app) as maybe_original_state:
  File "C:\Users\richi\AppData\Roaming\uv\python\cpython-3.11-windows-x86_64-none\Lib\contextlib.py", line 210, in __aenter__
    return await anext(self.gen)
           ^^^^^^^^^^^^^^^^^^^^^
  File "C:\Projects\lectio\apps\textbook-agent\backend\.venv\Lib\site-packages\fastapi\routing.py", line 240, in merged_lifespan
    async with original_context(app) as maybe_original_state:
  File "C:\Users\richi\AppData\Roaming\uv\python\cpython-3.11-windows-x86_64-none\Lib\contextlib.py", line 210, in __aenter__
    return await anext(self.gen)
           ^^^^^^^^^^^^^^^^^^^^^
  File "C:\Projects\lectio\apps\textbook-agent\backend\.venv\Lib\site-packages\fastapi\routing.py", line 240, in merged_lifespan
    async with original_context(app) as maybe_original_state:
  File "C:\Users\richi\AppData\Roaming\uv\python\cpython-3.11-windows-x86_64-none\Lib\contextlib.py", line 210, in __aenter__
    return await anext(self.gen)
           ^^^^^^^^^^^^^^^^^^^^^
  File "C:\Projects\lectio\apps\textbook-agent\backend\.venv\Lib\site-packages\fastapi\routing.py", line 240, in merged_lifespan
    async with original_context(app) as maybe_original_state:
  File "C:\Users\richi\AppData\Roaming\uv\python\cpython-3.11-windows-x86_64-none\Lib\contextlib.py", line 210, in __aenter__
    return await anext(self.gen)
           ^^^^^^^^^^^^^^^^^^^^^
  File "C:\Projects\lectio\apps\textbook-agent\backend\.venv\Lib\site-packages\fastapi\routing.py", line 240, in merged_lifespan
    async with original_context(app) as maybe_original_state:
  File "C:\Users\richi\AppData\Roaming\uv\python\cpython-3.11-windows-x86_64-none\Lib\contextlib.py", line 210, in __aenter__
    return await anext(self.gen)
           ^^^^^^^^^^^^^^^^^^^^^
  File "C:\Projects\lectio\apps\textbook-agent\backend\.venv\Lib\site-packages\fastapi\routing.py", line 240, in merged_lifespan
    async with original_context(app) as maybe_original_state:
  File "C:\Users\richi\AppData\Roaming\uv\python\cpython-3.11-windows-x86_64-none\Lib\contextlib.py", line 210, in __aenter__
    return await anext(self.gen)
           ^^^^^^^^^^^^^^^^^^^^^
  File "C:\Projects\lectio\apps\textbook-agent\backend\.venv\Lib\site-packages\fastapi\routing.py", line 240, in merged_lifespan
    async with original_context(app) as maybe_original_state:
  File "C:\Users\richi\AppData\Roaming\uv\python\cpython-3.11-windows-x86_64-none\Lib\contextlib.py", line 210, in __aenter__
    return await anext(self.gen)
           ^^^^^^^^^^^^^^^^^^^^^
  File "C:\Projects\lectio\apps\textbook-agent\backend\.venv\Lib\site-packages\fastapi\routing.py", line 240, in merged_lifespan
    async with original_context(app) as maybe_original_state:
  File "C:\Users\richi\AppData\Roaming\uv\python\cpython-3.11-windows-x86_64-none\Lib\contextlib.py", line 210, in __aenter__
    return await anext(self.gen)
           ^^^^^^^^^^^^^^^^^^^^^
  File "C:\Projects\lectio\apps\textbook-agent\backend\.venv\Lib\site-packages\fastapi\routing.py", line 240, in merged_lifespan
    async with original_context(app) as maybe_original_state:
  File "C:\Users\richi\AppData\Roaming\uv\python\cpython-3.11-windows-x86_64-none\Lib\contextlib.py", line 210, in __aenter__
    return await anext(self.gen)
           ^^^^^^^^^^^^^^^^^^^^^
  File "C:\Projects\lectio\apps\textbook-agent\backend\.venv\Lib\site-packages\fastapi\routing.py", line 240, in merged_lifespan
    async with original_context(app) as maybe_original_state:
  File "C:\Users\richi\AppData\Roaming\uv\python\cpython-3.11-windows-x86_64-none\Lib\contextlib.py", line 210, in __aenter__
    return await anext(self.gen)
           ^^^^^^^^^^^^^^^^^^^^^
  File "C:\Projects\lectio\apps\textbook-agent\backend\.venv\Lib\site-packages\fastapi\routing.py", line 240, in merged_lifespan
    async with original_context(app) as maybe_original_state:
  File "C:\Users\richi\AppData\Roaming\uv\python\cpython-3.11-windows-x86_64-none\Lib\contextlib.py", line 210, in __aenter__
    return await anext(self.gen)
           ^^^^^^^^^^^^^^^^^^^^^
  File "C:\Projects\lectio\apps\textbook-agent\backend\.venv\Lib\site-packages\fastapi\routing.py", line 240, in merged_lifespan
    async with original_context(app) as maybe_original_state:
  File "C:\Users\richi\AppData\Roaming\uv\python\cpython-3.11-windows-x86_64-none\Lib\contextlib.py", line 210, in __aenter__
    return await anext(self.gen)
           ^^^^^^^^^^^^^^^^^^^^^
  File "C:\Projects\lectio\apps\textbook-agent\backend\src\app.py", line 230, in lifespan
    await asyncio.to_thread(upgrade_database)
  File "C:\Users\richi\AppData\Roaming\uv\python\cpython-3.11-windows-x86_64-none\Lib\asyncio\threads.py", line 25, in to_thread
    return await loop.run_in_executor(None, func_call)
           ^^^^^^^^^^^^^^^^^^^^^^^^^^^^^^^^^^^^^^^^^^^
  File "C:\Users\richi\AppData\Roaming\uv\python\cpython-3.11-windows-x86_64-none\Lib\concurrent\futures\thread.py", line 58, in run
    result = self.fn(*self.args, **self.kwargs)
             ^^^^^^^^^^^^^^^^^^^^^^^^^^^^^^^^^^
  File "C:\Projects\lectio\apps\textbook-agent\backend\src\infra\database\migrations\runner.py", line 43, in upgrade_database
    command.upgrade(_alembic_config(), revision)
  File "C:\Projects\lectio\apps\textbook-agent\backend\.venv\Lib\site-packages\alembic\command.py", line 483, in upgrade
    script.run_env()
  File "C:\Projects\lectio\apps\textbook-agent\backend\.venv\Lib\site-packages\alembic\script\base.py", line 545, in run_env
    util.load_python_file(self.dir, "env.py")
  File "C:\Projects\lectio\apps\textbook-agent\backend\.venv\Lib\site-packages\alembic\util\pyfiles.py", line 116, in load_python_file
    module = load_module_py(module_id, path)
             ^^^^^^^^^^^^^^^^^^^^^^^^^^^^^^^
  File "C:\Projects\lectio\apps\textbook-agent\backend\.venv\Lib\site-packages\alembic\util\pyfiles.py", line 136, in load_module_py
    spec.loader.exec_module(module)  # type: ignore
    ^^^^^^^^^^^^^^^^^^^^^^^^^^^^^^^
  File "<frozen importlib._bootstrap_external>", line 940, in exec_module
  File "<frozen importlib._bootstrap>", line 241, in _call_with_frames_removed
  File "C:\Projects\lectio\apps\textbook-agent\backend\src\infra\database\migrations\env.py", line 69, in <module>
    asyncio.run(run_migrations_online())
  File "C:\Users\richi\AppData\Roaming\uv\python\cpython-3.11-windows-x86_64-none\Lib\asyncio\runners.py", line 190, in run
    return runner.run(main)
           ^^^^^^^^^^^^^^^^
  File "C:\Users\richi\AppData\Roaming\uv\python\cpython-3.11-windows-x86_64-none\Lib\asyncio\runners.py", line 118, in run
    return self._loop.run_until_complete(task)
           ^^^^^^^^^^^^^^^^^^^^^^^^^^^^^^^^^^^
  File "C:\Users\richi\AppData\Roaming\uv\python\cpython-3.11-windows-x86_64-none\Lib\asyncio\base_events.py", line 654, in run_until_complete
    return future.result()
           ^^^^^^^^^^^^^^^
  File "C:\Projects\lectio\apps\textbook-agent\backend\src\infra\database\migrations\env.py", line 60, in run_migrations_online
    async with connectable.connect() as connection:
  File "C:\Projects\lectio\apps\textbook-agent\backend\.venv\Lib\site-packages\sqlalchemy\ext\asyncio\base.py", line 121, in __aenter__
    return await self.start(is_ctxmanager=True)
           ^^^^^^^^^^^^^^^^^^^^^^^^^^^^^^^^^^^^
  File "C:\Projects\lectio\apps\textbook-agent\backend\.venv\Lib\site-packages\sqlalchemy\ext\asyncio\engine.py", line 275, in start
    await greenlet_spawn(self.sync_engine.connect)
  File "C:\Projects\lectio\apps\textbook-agent\backend\.venv\Lib\site-packages\sqlalchemy\util\_concurrency_py3k.py", line 201, in greenlet_spawn
    result = context.throw(*sys.exc_info())
             ^^^^^^^^^^^^^^^^^^^^^^^^^^^^^^
  File "C:\Projects\lectio\apps\textbook-agent\backend\.venv\Lib\site-packages\sqlalchemy\engine\base.py", line 3293, in connect
    return self._connection_cls(self)
           ^^^^^^^^^^^^^^^^^^^^^^^^^^
  File "C:\Projects\lectio\apps\textbook-agent\backend\.venv\Lib\site-packages\sqlalchemy\engine\base.py", line 143, in __init__
    self._dbapi_connection = engine.raw_connection()
                             ^^^^^^^^^^^^^^^^^^^^^^^
  File "C:\Projects\lectio\apps\textbook-agent\backend\.venv\Lib\site-packages\sqlalchemy\engine\base.py", line 3317, in raw_connection
    return self.pool.connect()
           ^^^^^^^^^^^^^^^^^^^
  File "C:\Projects\lectio\apps\textbook-agent\backend\.venv\Lib\site-packages\sqlalchemy\pool\base.py", line 448, in connect
    return _ConnectionFairy._checkout(self)
           ^^^^^^^^^^^^^^^^^^^^^^^^^^^^^^^^
  File "C:\Projects\lectio\apps\textbook-agent\backend\.venv\Lib\site-packages\sqlalchemy\pool\base.py", line 1272, in _checkout
    fairy = _ConnectionRecord.checkout(pool)
            ^^^^^^^^^^^^^^^^^^^^^^^^^^^^^^^^
  File "C:\Projects\lectio\apps\textbook-agent\backend\.venv\Lib\site-packages\sqlalchemy\pool\base.py", line 712, in checkout
    rec = pool._do_get()
          ^^^^^^^^^^^^^^
  File "C:\Projects\lectio\apps\textbook-agent\backend\.venv\Lib\site-packages\sqlalchemy\pool\impl.py", line 306, in _do_get
    return self._create_connection()
           ^^^^^^^^^^^^^^^^^^^^^^^^^
  File "C:\Projects\lectio\apps\textbook-agent\backend\.venv\Lib\site-packages\sqlalchemy\pool\base.py", line 389, in _create_connection
    return _ConnectionRecord(self)
           ^^^^^^^^^^^^^^^^^^^^^^^
  File "C:\Projects\lectio\apps\textbook-agent\backend\.venv\Lib\site-packages\sqlalchemy\pool\base.py", line 674, in __init__
    self.__connect()
  File "C:\Projects\lectio\apps\textbook-agent\backend\.venv\Lib\site-packages\sqlalchemy\pool\base.py", line 900, in __connect
    with util.safe_reraise():
  File "C:\Projects\lectio\apps\textbook-agent\backend\.venv\Lib\site-packages\sqlalchemy\util\langhelpers.py", line 121, in __exit__
    raise exc_value.with_traceback(exc_tb)
  File "C:\Projects\lectio\apps\textbook-agent\backend\.venv\Lib\site-packages\sqlalchemy\pool\base.py", line 896, in __connect
    self.dbapi_connection = connection = pool._invoke_creator(self)
                                         ^^^^^^^^^^^^^^^^^^^^^^^^^^
  File "C:\Projects\lectio\apps\textbook-agent\backend\.venv\Lib\site-packages\sqlalchemy\engine\create.py", line 667, in connect
    return dialect.connect(*cargs_tup, **cparams)
           ^^^^^^^^^^^^^^^^^^^^^^^^^^^^^^^^^^^^^^
  File "C:\Projects\lectio\apps\textbook-agent\backend\.venv\Lib\site-packages\sqlalchemy\engine\default.py", line 630, in connect
    return self.loaded_dbapi.connect(*cargs, **cparams)  # type: ignore[no-any-return]  # NOQA: E501
           ^^^^^^^^^^^^^^^^^^^^^^^^^^^^^^^^^^^^^^^^^^^^
  File "C:\Projects\lectio\apps\textbook-agent\backend\.venv\Lib\site-packages\sqlalchemy\dialects\postgresql\asyncpg.py", line 955, in connect
    await_only(creator_fn(*arg, **kw)),
    ^^^^^^^^^^^^^^^^^^^^^^^^^^^^^^^^^^
  File "C:\Projects\lectio\apps\textbook-agent\backend\.venv\Lib\site-packages\sqlalchemy\util\_concurrency_py3k.py", line 132, in await_only
    return current.parent.switch(awaitable)  # type: ignore[no-any-return,attr-defined] # noqa: E501
           ^^^^^^^^^^^^^^^^^^^^^^^^^^^^^^^^
  File "C:\Projects\lectio\apps\textbook-agent\backend\.venv\Lib\site-packages\sqlalchemy\util\_concurrency_py3k.py", line 196, in greenlet_spawn
    value = await result
            ^^^^^^^^^^^^
  File "C:\Projects\lectio\apps\textbook-agent\backend\.venv\Lib\site-packages\asyncpg\connection.py", line 2443, in connect
    return await connect_utils._connect(
           ^^^^^^^^^^^^^^^^^^^^^^^^^^^^^
  File "C:\Projects\lectio\apps\textbook-agent\backend\.venv\Lib\site-packages\asyncpg\connect_utils.py", line 1249, in _connect
    raise last_error or exceptions.TargetServerAttributeNotMatched(
  File "C:\Projects\lectio\apps\textbook-agent\backend\.venv\Lib\site-packages\asyncpg\connect_utils.py", line 1218, in _connect
    conn = await _connect_addr(
           ^^^^^^^^^^^^^^^^^^^^
  File "C:\Projects\lectio\apps\textbook-agent\backend\.venv\Lib\site-packages\asyncpg\connect_utils.py", line 1054, in _connect_addr
    return await __connect_addr(params, True, *args)
           ^^^^^^^^^^^^^^^^^^^^^^^^^^^^^^^^^^^^^^^^^
  File "C:\Projects\lectio\apps\textbook-agent\backend\.venv\Lib\site-packages\asyncpg\connect_utils.py", line 1099, in __connect_addr
    tr, pr = await connector
             ^^^^^^^^^^^^^^^
  File "C:\Projects\lectio\apps\textbook-agent\backend\.venv\Lib\site-packages\asyncpg\connect_utils.py", line 969, in _create_ssl_connection
    tr, pr = await loop.create_connection(
             ^^^^^^^^^^^^^^^^^^^^^^^^^^^^^
  File "C:\Users\richi\AppData\Roaming\uv\python\cpython-3.11-windows-x86_64-none\Lib\asyncio\base_events.py", line 1086, in create_connection
    raise exceptions[0]
  File "C:\Users\richi\AppData\Roaming\uv\python\cpython-3.11-windows-x86_64-none\Lib\asyncio\base_events.py", line 1070, in create_connection
    sock = await self._connect_sock(
           ^^^^^^^^^^^^^^^^^^^^^^^^^
  File "C:\Users\richi\AppData\Roaming\uv\python\cpython-3.11-windows-x86_64-none\Lib\asyncio\base_events.py", line 974, in _connect_sock
    await self.sock_connect(sock, address)
  File "C:\Users\richi\AppData\Roaming\uv\python\cpython-3.11-windows-x86_64-none\Lib\asyncio\proactor_events.py", line 726, in sock_connect
    return await self._proactor.connect(sock, address)
           ^^^^^^^^^^^^^^^^^^^^^^^^^^^^^^^^^^^^^^^^^^^
  File "C:\Users\richi\AppData\Roaming\uv\python\cpython-3.11-windows-x86_64-none\Lib\asyncio\windows_events.py", line 854, in _poll
    value = callback(transferred, key, ov)
            ^^^^^^^^^^^^^^^^^^^^^^^^^^^^^^
  File "C:\Users\richi\AppData\Roaming\uv\python\cpython-3.11-windows-x86_64-none\Lib\asyncio\windows_events.py", line 641, in finish_connect
    ov.getresult()
ConnectionRefusedError: [WinError 1225] The remote computer refused the network connection

ERROR:    Application startup failed. Exiting.
WARNING:  WatchFiles detected changes in 'src\learn\generation\fencing.py'. Reloading...
C:\Projects\lectio\apps\textbook-agent\backend\src\contracts\generation_manifest.py:6: UserWarning: Field name "schema" in "GenerationFieldContract" shadows an attribute in parent "BaseModel"
  class GenerationFieldContract(BaseModel):
WARNING:  WatchFiles detected changes in 'src\app.py'. Reloading...
INFO:     Started server process [37064]
INFO:     Waiting for application startup.
ERROR:    Traceback (most recent call last):
  File "C:\Projects\lectio\apps\textbook-agent\backend\.venv\Lib\site-packages\starlette\routing.py", line 638, in lifespan
    async with self.lifespan_context(app) as maybe_state:
  File "C:\Users\richi\AppData\Roaming\uv\python\cpython-3.11-windows-x86_64-none\Lib\contextlib.py", line 210, in __aenter__
    return await anext(self.gen)
           ^^^^^^^^^^^^^^^^^^^^^
  File "C:\Projects\lectio\apps\textbook-agent\backend\.venv\Lib\site-packages\fastapi\routing.py", line 240, in merged_lifespan
    async with original_context(app) as maybe_original_state:
  File "C:\Users\richi\AppData\Roaming\uv\python\cpython-3.11-windows-x86_64-none\Lib\contextlib.py", line 210, in __aenter__
    return await anext(self.gen)
           ^^^^^^^^^^^^^^^^^^^^^
  File "C:\Projects\lectio\apps\textbook-agent\backend\.venv\Lib\site-packages\fastapi\routing.py", line 240, in merged_lifespan
    async with original_context(app) as maybe_original_state:
  File "C:\Users\richi\AppData\Roaming\uv\python\cpython-3.11-windows-x86_64-none\Lib\contextlib.py", line 210, in __aenter__
    return await anext(self.gen)
           ^^^^^^^^^^^^^^^^^^^^^
  File "C:\Projects\lectio\apps\textbook-agent\backend\.venv\Lib\site-packages\fastapi\routing.py", line 240, in merged_lifespan
    async with original_context(app) as maybe_original_state:
  File "C:\Users\richi\AppData\Roaming\uv\python\cpython-3.11-windows-x86_64-none\Lib\contextlib.py", line 210, in __aenter__
    return await anext(self.gen)
           ^^^^^^^^^^^^^^^^^^^^^
  File "C:\Projects\lectio\apps\textbook-agent\backend\.venv\Lib\site-packages\fastapi\routing.py", line 240, in merged_lifespan
    async with original_context(app) as maybe_original_state:
  File "C:\Users\richi\AppData\Roaming\uv\python\cpython-3.11-windows-x86_64-none\Lib\contextlib.py", line 210, in __aenter__
    return await anext(self.gen)
           ^^^^^^^^^^^^^^^^^^^^^
  File "C:\Projects\lectio\apps\textbook-agent\backend\.venv\Lib\site-packages\fastapi\routing.py", line 240, in merged_lifespan
    async with original_context(app) as maybe_original_state:
  File "C:\Users\richi\AppData\Roaming\uv\python\cpython-3.11-windows-x86_64-none\Lib\contextlib.py", line 210, in __aenter__
    return await anext(self.gen)
           ^^^^^^^^^^^^^^^^^^^^^
  File "C:\Projects\lectio\apps\textbook-agent\backend\.venv\Lib\site-packages\fastapi\routing.py", line 240, in merged_lifespan
    async with original_context(app) as maybe_original_state:
  File "C:\Users\richi\AppData\Roaming\uv\python\cpython-3.11-windows-x86_64-none\Lib\contextlib.py", line 210, in __aenter__
    return await anext(self.gen)
           ^^^^^^^^^^^^^^^^^^^^^
  File "C:\Projects\lectio\apps\textbook-agent\backend\.venv\Lib\site-packages\fastapi\routing.py", line 240, in merged_lifespan
    async with original_context(app) as maybe_original_state:
  File "C:\Users\richi\AppData\Roaming\uv\python\cpython-3.11-windows-x86_64-none\Lib\contextlib.py", line 210, in __aenter__
    return await anext(self.gen)
           ^^^^^^^^^^^^^^^^^^^^^
  File "C:\Projects\lectio\apps\textbook-agent\backend\.venv\Lib\site-packages\fastapi\routing.py", line 240, in merged_lifespan
    async with original_context(app) as maybe_original_state:
  File "C:\Users\richi\AppData\Roaming\uv\python\cpython-3.11-windows-x86_64-none\Lib\contextlib.py", line 210, in __aenter__
    return await anext(self.gen)
           ^^^^^^^^^^^^^^^^^^^^^
  File "C:\Projects\lectio\apps\textbook-agent\backend\.venv\Lib\site-packages\fastapi\routing.py", line 240, in merged_lifespan
    async with original_context(app) as maybe_original_state:
  File "C:\Users\richi\AppData\Roaming\uv\python\cpython-3.11-windows-x86_64-none\Lib\contextlib.py", line 210, in __aenter__
    return await anext(self.gen)
           ^^^^^^^^^^^^^^^^^^^^^
  File "C:\Projects\lectio\apps\textbook-agent\backend\.venv\Lib\site-packages\fastapi\routing.py", line 240, in merged_lifespan
    async with original_context(app) as maybe_original_state:
  File "C:\Users\richi\AppData\Roaming\uv\python\cpython-3.11-windows-x86_64-none\Lib\contextlib.py", line 210, in __aenter__
    return await anext(self.gen)
           ^^^^^^^^^^^^^^^^^^^^^
  File "C:\Projects\lectio\apps\textbook-agent\backend\.venv\Lib\site-packages\fastapi\routing.py", line 240, in merged_lifespan
    async with original_context(app) as maybe_original_state:
  File "C:\Users\richi\AppData\Roaming\uv\python\cpython-3.11-windows-x86_64-none\Lib\contextlib.py", line 210, in __aenter__
    return await anext(self.gen)
           ^^^^^^^^^^^^^^^^^^^^^
  File "C:\Projects\lectio\apps\textbook-agent\backend\.venv\Lib\site-packages\fastapi\routing.py", line 240, in merged_lifespan
    async with original_context(app) as maybe_original_state:
  File "C:\Users\richi\AppData\Roaming\uv\python\cpython-3.11-windows-x86_64-none\Lib\contextlib.py", line 210, in __aenter__
    return await anext(self.gen)
           ^^^^^^^^^^^^^^^^^^^^^
  File "C:\Projects\lectio\apps\textbook-agent\backend\.venv\Lib\site-packages\fastapi\routing.py", line 240, in merged_lifespan
    async with original_context(app) as maybe_original_state:
  File "C:\Users\richi\AppData\Roaming\uv\python\cpython-3.11-windows-x86_64-none\Lib\contextlib.py", line 210, in __aenter__
    return await anext(self.gen)
           ^^^^^^^^^^^^^^^^^^^^^
  File "C:\Projects\lectio\apps\textbook-agent\backend\.venv\Lib\site-packages\fastapi\routing.py", line 240, in merged_lifespan
    async with original_context(app) as maybe_original_state:
  File "C:\Users\richi\AppData\Roaming\uv\python\cpython-3.11-windows-x86_64-none\Lib\contextlib.py", line 210, in __aenter__
    return await anext(self.gen)
           ^^^^^^^^^^^^^^^^^^^^^
  File "C:\Projects\lectio\apps\textbook-agent\backend\.venv\Lib\site-packages\fastapi\routing.py", line 240, in merged_lifespan
    async with original_context(app) as maybe_original_state:
  File "C:\Users\richi\AppData\Roaming\uv\python\cpython-3.11-windows-x86_64-none\Lib\contextlib.py", line 210, in __aenter__
    return await anext(self.gen)
           ^^^^^^^^^^^^^^^^^^^^^
  File "C:\Projects\lectio\apps\textbook-agent\backend\.venv\Lib\site-packages\fastapi\routing.py", line 240, in merged_lifespan
    async with original_context(app) as maybe_original_state:
  File "C:\Users\richi\AppData\Roaming\uv\python\cpython-3.11-windows-x86_64-none\Lib\contextlib.py", line 210, in __aenter__
    return await anext(self.gen)
           ^^^^^^^^^^^^^^^^^^^^^
  File "C:\Projects\lectio\apps\textbook-agent\backend\src\app.py", line 230, in lifespan
    if settings.run_migrations_on_startup:
        ^^^^^^^^^^^^^^^^^^^^^^^^^^^^^^^^^^^
  File "C:\Users\richi\AppData\Roaming\uv\python\cpython-3.11-windows-x86_64-none\Lib\asyncio\threads.py", line 25, in to_thread
    return await loop.run_in_executor(None, func_call)
           ^^^^^^^^^^^^^^^^^^^^^^^^^^^^^^^^^^^^^^^^^^^
  File "C:\Users\richi\AppData\Roaming\uv\python\cpython-3.11-windows-x86_64-none\Lib\concurrent\futures\thread.py", line 58, in run
    result = self.fn(*self.args, **self.kwargs)
             ^^^^^^^^^^^^^^^^^^^^^^^^^^^^^^^^^^
  File "C:\Projects\lectio\apps\textbook-agent\backend\src\infra\database\migrations\runner.py", line 43, in upgrade_database
    command.upgrade(_alembic_config(), revision)
  File "C:\Projects\lectio\apps\textbook-agent\backend\.venv\Lib\site-packages\alembic\command.py", line 483, in upgrade
    script.run_env()
  File "C:\Projects\lectio\apps\textbook-agent\backend\.venv\Lib\site-packages\alembic\script\base.py", line 545, in run_env
    util.load_python_file(self.dir, "env.py")
  File "C:\Projects\lectio\apps\textbook-agent\backend\.venv\Lib\site-packages\alembic\util\pyfiles.py", line 116, in load_python_file
    module = load_module_py(module_id, path)
             ^^^^^^^^^^^^^^^^^^^^^^^^^^^^^^^
  File "C:\Projects\lectio\apps\textbook-agent\backend\.venv\Lib\site-packages\alembic\util\pyfiles.py", line 136, in load_module_py
    spec.loader.exec_module(module)  # type: ignore
    ^^^^^^^^^^^^^^^^^^^^^^^^^^^^^^^
  File "<frozen importlib._bootstrap_external>", line 940, in exec_module
  File "<frozen importlib._bootstrap>", line 241, in _call_with_frames_removed
  File "C:\Projects\lectio\apps\textbook-agent\backend\src\infra\database\migrations\env.py", line 69, in <module>
    asyncio.run(run_migrations_online())
  File "C:\Users\richi\AppData\Roaming\uv\python\cpython-3.11-windows-x86_64-none\Lib\asyncio\runners.py", line 190, in run
    return runner.run(main)
           ^^^^^^^^^^^^^^^^
  File "C:\Users\richi\AppData\Roaming\uv\python\cpython-3.11-windows-x86_64-none\Lib\asyncio\runners.py", line 118, in run
    return self._loop.run_until_complete(task)
           ^^^^^^^^^^^^^^^^^^^^^^^^^^^^^^^^^^^
  File "C:\Users\richi\AppData\Roaming\uv\python\cpython-3.11-windows-x86_64-none\Lib\asyncio\base_events.py", line 654, in run_until_complete
    return future.result()
           ^^^^^^^^^^^^^^^
  File "C:\Projects\lectio\apps\textbook-agent\backend\src\infra\database\migrations\env.py", line 60, in run_migrations_online
    async with connectable.connect() as connection:
  File "C:\Projects\lectio\apps\textbook-agent\backend\.venv\Lib\site-packages\sqlalchemy\ext\asyncio\base.py", line 121, in __aenter__
    return await self.start(is_ctxmanager=True)
           ^^^^^^^^^^^^^^^^^^^^^^^^^^^^^^^^^^^^
  File "C:\Projects\lectio\apps\textbook-agent\backend\.venv\Lib\site-packages\sqlalchemy\ext\asyncio\engine.py", line 275, in start
    await greenlet_spawn(self.sync_engine.connect)
  File "C:\Projects\lectio\apps\textbook-agent\backend\.venv\Lib\site-packages\sqlalchemy\util\_concurrency_py3k.py", line 201, in greenlet_spawn
    result = context.throw(*sys.exc_info())
             ^^^^^^^^^^^^^^^^^^^^^^^^^^^^^^
  File "C:\Projects\lectio\apps\textbook-agent\backend\.venv\Lib\site-packages\sqlalchemy\engine\base.py", line 3293, in connect
    return self._connection_cls(self)
           ^^^^^^^^^^^^^^^^^^^^^^^^^^
  File "C:\Projects\lectio\apps\textbook-agent\backend\.venv\Lib\site-packages\sqlalchemy\engine\base.py", line 143, in __init__
    self._dbapi_connection = engine.raw_connection()
                             ^^^^^^^^^^^^^^^^^^^^^^^
  File "C:\Projects\lectio\apps\textbook-agent\backend\.venv\Lib\site-packages\sqlalchemy\engine\base.py", line 3317, in raw_connection
    return self.pool.connect()
           ^^^^^^^^^^^^^^^^^^^
  File "C:\Projects\lectio\apps\textbook-agent\backend\.venv\Lib\site-packages\sqlalchemy\pool\base.py", line 448, in connect
    return _ConnectionFairy._checkout(self)
           ^^^^^^^^^^^^^^^^^^^^^^^^^^^^^^^^
  File "C:\Projects\lectio\apps\textbook-agent\backend\.venv\Lib\site-packages\sqlalchemy\pool\base.py", line 1272, in _checkout
    fairy = _ConnectionRecord.checkout(pool)
            ^^^^^^^^^^^^^^^^^^^^^^^^^^^^^^^^
  File "C:\Projects\lectio\apps\textbook-agent\backend\.venv\Lib\site-packages\sqlalchemy\pool\base.py", line 712, in checkout
    rec = pool._do_get()
          ^^^^^^^^^^^^^^
  File "C:\Projects\lectio\apps\textbook-agent\backend\.venv\Lib\site-packages\sqlalchemy\pool\impl.py", line 306, in _do_get
    return self._create_connection()
           ^^^^^^^^^^^^^^^^^^^^^^^^^
  File "C:\Projects\lectio\apps\textbook-agent\backend\.venv\Lib\site-packages\sqlalchemy\pool\base.py", line 389, in _create_connection
    return _ConnectionRecord(self)
           ^^^^^^^^^^^^^^^^^^^^^^^
  File "C:\Projects\lectio\apps\textbook-agent\backend\.venv\Lib\site-packages\sqlalchemy\pool\base.py", line 674, in __init__
    self.__connect()
  File "C:\Projects\lectio\apps\textbook-agent\backend\.venv\Lib\site-packages\sqlalchemy\pool\base.py", line 900, in __connect
    with util.safe_reraise():
  File "C:\Projects\lectio\apps\textbook-agent\backend\.venv\Lib\site-packages\sqlalchemy\util\langhelpers.py", line 121, in __exit__
    raise exc_value.with_traceback(exc_tb)
  File "C:\Projects\lectio\apps\textbook-agent\backend\.venv\Lib\site-packages\sqlalchemy\pool\base.py", line 896, in __connect
    self.dbapi_connection = connection = pool._invoke_creator(self)
                                         ^^^^^^^^^^^^^^^^^^^^^^^^^^
  File "C:\Projects\lectio\apps\textbook-agent\backend\.venv\Lib\site-packages\sqlalchemy\engine\create.py", line 667, in connect
    return dialect.connect(*cargs_tup, **cparams)
           ^^^^^^^^^^^^^^^^^^^^^^^^^^^^^^^^^^^^^^
  File "C:\Projects\lectio\apps\textbook-agent\backend\.venv\Lib\site-packages\sqlalchemy\engine\default.py", line 630, in connect
    return self.loaded_dbapi.connect(*cargs, **cparams)  # type: ignore[no-any-return]  # NOQA: E501
           ^^^^^^^^^^^^^^^^^^^^^^^^^^^^^^^^^^^^^^^^^^^^
  File "C:\Projects\lectio\apps\textbook-agent\backend\.venv\Lib\site-packages\sqlalchemy\dialects\postgresql\asyncpg.py", line 955, in connect
    await_only(creator_fn(*arg, **kw)),
    ^^^^^^^^^^^^^^^^^^^^^^^^^^^^^^^^^^
  File "C:\Projects\lectio\apps\textbook-agent\backend\.venv\Lib\site-packages\sqlalchemy\util\_concurrency_py3k.py", line 132, in await_only
    return current.parent.switch(awaitable)  # type: ignore[no-any-return,attr-defined] # noqa: E501
           ^^^^^^^^^^^^^^^^^^^^^^^^^^^^^^^^
  File "C:\Projects\lectio\apps\textbook-agent\backend\.venv\Lib\site-packages\sqlalchemy\util\_concurrency_py3k.py", line 196, in greenlet_spawn
    value = await result
            ^^^^^^^^^^^^
  File "C:\Projects\lectio\apps\textbook-agent\backend\.venv\Lib\site-packages\asyncpg\connection.py", line 2443, in connect
    return await connect_utils._connect(
           ^^^^^^^^^^^^^^^^^^^^^^^^^^^^^
  File "C:\Projects\lectio\apps\textbook-agent\backend\.venv\Lib\site-packages\asyncpg\connect_utils.py", line 1249, in _connect
    raise last_error or exceptions.TargetServerAttributeNotMatched(
  File "C:\Projects\lectio\apps\textbook-agent\backend\.venv\Lib\site-packages\asyncpg\connect_utils.py", line 1218, in _connect
    conn = await _connect_addr(
           ^^^^^^^^^^^^^^^^^^^^
  File "C:\Projects\lectio\apps\textbook-agent\backend\.venv\Lib\site-packages\asyncpg\connect_utils.py", line 1054, in _connect_addr
    return await __connect_addr(params, True, *args)
           ^^^^^^^^^^^^^^^^^^^^^^^^^^^^^^^^^^^^^^^^^
  File "C:\Projects\lectio\apps\textbook-agent\backend\.venv\Lib\site-packages\asyncpg\connect_utils.py", line 1099, in __connect_addr
    tr, pr = await connector
             ^^^^^^^^^^^^^^^
  File "C:\Projects\lectio\apps\textbook-agent\backend\.venv\Lib\site-packages\asyncpg\connect_utils.py", line 969, in _create_ssl_connection
    tr, pr = await loop.create_connection(
             ^^^^^^^^^^^^^^^^^^^^^^^^^^^^^
  File "C:\Users\richi\AppData\Roaming\uv\python\cpython-3.11-windows-x86_64-none\Lib\asyncio\base_events.py", line 1086, in create_connection
    raise exceptions[0]
  File "C:\Users\richi\AppData\Roaming\uv\python\cpython-3.11-windows-x86_64-none\Lib\asyncio\base_events.py", line 1070, in create_connection
    sock = await self._connect_sock(
           ^^^^^^^^^^^^^^^^^^^^^^^^^
  File "C:\Users\richi\AppData\Roaming\uv\python\cpython-3.11-windows-x86_64-none\Lib\asyncio\base_events.py", line 974, in _connect_sock
    await self.sock_connect(sock, address)
  File "C:\Users\richi\AppData\Roaming\uv\python\cpython-3.11-windows-x86_64-none\Lib\asyncio\proactor_events.py", line 726, in sock_connect
    return await self._proactor.connect(sock, address)
           ^^^^^^^^^^^^^^^^^^^^^^^^^^^^^^^^^^^^^^^^^^^
  File "C:\Users\richi\AppData\Roaming\uv\python\cpython-3.11-windows-x86_64-none\Lib\asyncio\windows_events.py", line 854, in _poll
    value = callback(transferred, key, ov)
            ^^^^^^^^^^^^^^^^^^^^^^^^^^^^^^
  File "C:\Users\richi\AppData\Roaming\uv\python\cpython-3.11-windows-x86_64-none\Lib\asyncio\windows_events.py", line 641, in finish_connect
    ov.getresult()
ConnectionRefusedError: [WinError 1225] The remote computer refused the network connection

ERROR:    Application startup failed. Exiting.
C:\Projects\lectio\apps\textbook-agent\backend\src\contracts\generation_manifest.py:6: UserWarning: Field name "schema" in "GenerationFieldContract" shadows an attribute in parent "BaseModel"
  class GenerationFieldContract(BaseModel):
INFO:     Started server process [24436]
INFO:     Waiting for application startup.
ERROR:    Traceback (most recent call last):
  File "C:\Projects\lectio\apps\textbook-agent\backend\.venv\Lib\site-packages\starlette\routing.py", line 638, in lifespan
    async with self.lifespan_context(app) as maybe_state:
  File "C:\Users\richi\AppData\Roaming\uv\python\cpython-3.11-windows-x86_64-none\Lib\contextlib.py", line 210, in __aenter__
    return await anext(self.gen)
           ^^^^^^^^^^^^^^^^^^^^^
  File "C:\Projects\lectio\apps\textbook-agent\backend\.venv\Lib\site-packages\fastapi\routing.py", line 240, in merged_lifespan
    async with original_context(app) as maybe_original_state:
  File "C:\Users\richi\AppData\Roaming\uv\python\cpython-3.11-windows-x86_64-none\Lib\contextlib.py", line 210, in __aenter__
    return await anext(self.gen)
           ^^^^^^^^^^^^^^^^^^^^^
  File "C:\Projects\lectio\apps\textbook-agent\backend\.venv\Lib\site-packages\fastapi\routing.py", line 240, in merged_lifespan
    async with original_context(app) as maybe_original_state:
  File "C:\Users\richi\AppData\Roaming\uv\python\cpython-3.11-windows-x86_64-none\Lib\contextlib.py", line 210, in __aenter__
    return await anext(self.gen)
           ^^^^^^^^^^^^^^^^^^^^^
  File "C:\Projects\lectio\apps\textbook-agent\backend\.venv\Lib\site-packages\fastapi\routing.py", line 240, in merged_lifespan
    async with original_context(app) as maybe_original_state:
  File "C:\Users\richi\AppData\Roaming\uv\python\cpython-3.11-windows-x86_64-none\Lib\contextlib.py", line 210, in __aenter__
    return await anext(self.gen)
           ^^^^^^^^^^^^^^^^^^^^^
  File "C:\Projects\lectio\apps\textbook-agent\backend\.venv\Lib\site-packages\fastapi\routing.py", line 240, in merged_lifespan
    async with original_context(app) as maybe_original_state:
  File "C:\Users\richi\AppData\Roaming\uv\python\cpython-3.11-windows-x86_64-none\Lib\contextlib.py", line 210, in __aenter__
    return await anext(self.gen)
           ^^^^^^^^^^^^^^^^^^^^^
  File "C:\Projects\lectio\apps\textbook-agent\backend\.venv\Lib\site-packages\fastapi\routing.py", line 240, in merged_lifespan
    async with original_context(app) as maybe_original_state:
  File "C:\Users\richi\AppData\Roaming\uv\python\cpython-3.11-windows-x86_64-none\Lib\contextlib.py", line 210, in __aenter__
    return await anext(self.gen)
           ^^^^^^^^^^^^^^^^^^^^^
  File "C:\Projects\lectio\apps\textbook-agent\backend\.venv\Lib\site-packages\fastapi\routing.py", line 240, in merged_lifespan
    async with original_context(app) as maybe_original_state:
  File "C:\Users\richi\AppData\Roaming\uv\python\cpython-3.11-windows-x86_64-none\Lib\contextlib.py", line 210, in __aenter__
    return await anext(self.gen)
           ^^^^^^^^^^^^^^^^^^^^^
  File "C:\Projects\lectio\apps\textbook-agent\backend\.venv\Lib\site-packages\fastapi\routing.py", line 240, in merged_lifespan
    async with original_context(app) as maybe_original_state:
  File "C:\Users\richi\AppData\Roaming\uv\python\cpython-3.11-windows-x86_64-none\Lib\contextlib.py", line 210, in __aenter__
    return await anext(self.gen)
           ^^^^^^^^^^^^^^^^^^^^^
  File "C:\Projects\lectio\apps\textbook-agent\backend\.venv\Lib\site-packages\fastapi\routing.py", line 240, in merged_lifespan
    async with original_context(app) as maybe_original_state:
  File "C:\Users\richi\AppData\Roaming\uv\python\cpython-3.11-windows-x86_64-none\Lib\contextlib.py", line 210, in __aenter__
    return await anext(self.gen)
           ^^^^^^^^^^^^^^^^^^^^^
  File "C:\Projects\lectio\apps\textbook-agent\backend\.venv\Lib\site-packages\fastapi\routing.py", line 240, in merged_lifespan
    async with original_context(app) as maybe_original_state:
  File "C:\Users\richi\AppData\Roaming\uv\python\cpython-3.11-windows-x86_64-none\Lib\contextlib.py", line 210, in __aenter__
    return await anext(self.gen)
           ^^^^^^^^^^^^^^^^^^^^^
  File "C:\Projects\lectio\apps\textbook-agent\backend\.venv\Lib\site-packages\fastapi\routing.py", line 240, in merged_lifespan
    async with original_context(app) as maybe_original_state:
  File "C:\Users\richi\AppData\Roaming\uv\python\cpython-3.11-windows-x86_64-none\Lib\contextlib.py", line 210, in __aenter__
    return await anext(self.gen)
           ^^^^^^^^^^^^^^^^^^^^^
  File "C:\Projects\lectio\apps\textbook-agent\backend\.venv\Lib\site-packages\fastapi\routing.py", line 240, in merged_lifespan
    async with original_context(app) as maybe_original_state:
  File "C:\Users\richi\AppData\Roaming\uv\python\cpython-3.11-windows-x86_64-none\Lib\contextlib.py", line 210, in __aenter__
    return await anext(self.gen)
           ^^^^^^^^^^^^^^^^^^^^^
  File "C:\Projects\lectio\apps\textbook-agent\backend\.venv\Lib\site-packages\fastapi\routing.py", line 240, in merged_lifespan
    async with original_context(app) as maybe_original_state:
  File "C:\Users\richi\AppData\Roaming\uv\python\cpython-3.11-windows-x86_64-none\Lib\contextlib.py", line 210, in __aenter__
    return await anext(self.gen)
           ^^^^^^^^^^^^^^^^^^^^^
  File "C:\Projects\lectio\apps\textbook-agent\backend\.venv\Lib\site-packages\fastapi\routing.py", line 240, in merged_lifespan
    async with original_context(app) as maybe_original_state:
  File "C:\Users\richi\AppData\Roaming\uv\python\cpython-3.11-windows-x86_64-none\Lib\contextlib.py", line 210, in __aenter__
    return await anext(self.gen)
           ^^^^^^^^^^^^^^^^^^^^^
  File "C:\Projects\lectio\apps\textbook-agent\backend\.venv\Lib\site-packages\fastapi\routing.py", line 240, in merged_lifespan
    async with original_context(app) as maybe_original_state:
  File "C:\Users\richi\AppData\Roaming\uv\python\cpython-3.11-windows-x86_64-none\Lib\contextlib.py", line 210, in __aenter__
    return await anext(self.gen)
           ^^^^^^^^^^^^^^^^^^^^^
  File "C:\Projects\lectio\apps\textbook-agent\backend\.venv\Lib\site-packages\fastapi\routing.py", line 240, in merged_lifespan
    async with original_context(app) as maybe_original_state:
  File "C:\Users\richi\AppData\Roaming\uv\python\cpython-3.11-windows-x86_64-none\Lib\contextlib.py", line 210, in __aenter__
    return await anext(self.gen)
           ^^^^^^^^^^^^^^^^^^^^^
  File "C:\Projects\lectio\apps\textbook-agent\backend\.venv\Lib\site-packages\fastapi\routing.py", line 240, in merged_lifespan
    async with original_context(app) as maybe_original_state:
  File "C:\Users\richi\AppData\Roaming\uv\python\cpython-3.11-windows-x86_64-none\Lib\contextlib.py", line 210, in __aenter__
    return await anext(self.gen)
           ^^^^^^^^^^^^^^^^^^^^^
  File "C:\Projects\lectio\apps\textbook-agent\backend\src\app.py", line 231, in lifespan
    await asyncio.to_thread(upgrade_database)
  File "C:\Users\richi\AppData\Roaming\uv\python\cpython-3.11-windows-x86_64-none\Lib\asyncio\threads.py", line 25, in to_thread
    return await loop.run_in_executor(None, func_call)
           ^^^^^^^^^^^^^^^^^^^^^^^^^^^^^^^^^^^^^^^^^^^
  File "C:\Users\richi\AppData\Roaming\uv\python\cpython-3.11-windows-x86_64-none\Lib\concurrent\futures\thread.py", line 58, in run
    result = self.fn(*self.args, **self.kwargs)
             ^^^^^^^^^^^^^^^^^^^^^^^^^^^^^^^^^^
  File "C:\Projects\lectio\apps\textbook-agent\backend\src\infra\database\migrations\runner.py", line 43, in upgrade_database
    command.upgrade(_alembic_config(), revision)
  File "C:\Projects\lectio\apps\textbook-agent\backend\.venv\Lib\site-packages\alembic\command.py", line 483, in upgrade
    script.run_env()
  File "C:\Projects\lectio\apps\textbook-agent\backend\.venv\Lib\site-packages\alembic\script\base.py", line 545, in run_env
    util.load_python_file(self.dir, "env.py")
  File "C:\Projects\lectio\apps\textbook-agent\backend\.venv\Lib\site-packages\alembic\util\pyfiles.py", line 116, in load_python_file
    module = load_module_py(module_id, path)
             ^^^^^^^^^^^^^^^^^^^^^^^^^^^^^^^
  File "C:\Projects\lectio\apps\textbook-agent\backend\.venv\Lib\site-packages\alembic\util\pyfiles.py", line 136, in load_module_py
    spec.loader.exec_module(module)  # type: ignore
    ^^^^^^^^^^^^^^^^^^^^^^^^^^^^^^^
  File "<frozen importlib._bootstrap_external>", line 940, in exec_module
  File "<frozen importlib._bootstrap>", line 241, in _call_with_frames_removed
  File "C:\Projects\lectio\apps\textbook-agent\backend\src\infra\database\migrations\env.py", line 69, in <module>
    asyncio.run(run_migrations_online())
  File "C:\Users\richi\AppData\Roaming\uv\python\cpython-3.11-windows-x86_64-none\Lib\asyncio\runners.py", line 190, in run
    return runner.run(main)
           ^^^^^^^^^^^^^^^^
  File "C:\Users\richi\AppData\Roaming\uv\python\cpython-3.11-windows-x86_64-none\Lib\asyncio\runners.py", line 118, in run
    return self._loop.run_until_complete(task)
           ^^^^^^^^^^^^^^^^^^^^^^^^^^^^^^^^^^^
  File "C:\Users\richi\AppData\Roaming\uv\python\cpython-3.11-windows-x86_64-none\Lib\asyncio\base_events.py", line 654, in run_until_complete
    return future.result()
           ^^^^^^^^^^^^^^^
  File "C:\Projects\lectio\apps\textbook-agent\backend\src\infra\database\migrations\env.py", line 60, in run_migrations_online
    async with connectable.connect() as connection:
  File "C:\Projects\lectio\apps\textbook-agent\backend\.venv\Lib\site-packages\sqlalchemy\ext\asyncio\base.py", line 121, in __aenter__
    return await self.start(is_ctxmanager=True)
           ^^^^^^^^^^^^^^^^^^^^^^^^^^^^^^^^^^^^
  File "C:\Projects\lectio\apps\textbook-agent\backend\.venv\Lib\site-packages\sqlalchemy\ext\asyncio\engine.py", line 275, in start
    await greenlet_spawn(self.sync_engine.connect)
  File "C:\Projects\lectio\apps\textbook-agent\backend\.venv\Lib\site-packages\sqlalchemy\util\_concurrency_py3k.py", line 201, in greenlet_spawn
    result = context.throw(*sys.exc_info())
             ^^^^^^^^^^^^^^^^^^^^^^^^^^^^^^
  File "C:\Projects\lectio\apps\textbook-agent\backend\.venv\Lib\site-packages\sqlalchemy\engine\base.py", line 3293, in connect
    return self._connection_cls(self)
           ^^^^^^^^^^^^^^^^^^^^^^^^^^
  File "C:\Projects\lectio\apps\textbook-agent\backend\.venv\Lib\site-packages\sqlalchemy\engine\base.py", line 143, in __init__
    self._dbapi_connection = engine.raw_connection()
                             ^^^^^^^^^^^^^^^^^^^^^^^
  File "C:\Projects\lectio\apps\textbook-agent\backend\.venv\Lib\site-packages\sqlalchemy\engine\base.py", line 3317, in raw_connection
    return self.pool.connect()
           ^^^^^^^^^^^^^^^^^^^
  File "C:\Projects\lectio\apps\textbook-agent\backend\.venv\Lib\site-packages\sqlalchemy\pool\base.py", line 448, in connect
    return _ConnectionFairy._checkout(self)
           ^^^^^^^^^^^^^^^^^^^^^^^^^^^^^^^^
  File "C:\Projects\lectio\apps\textbook-agent\backend\.venv\Lib\site-packages\sqlalchemy\pool\base.py", line 1272, in _checkout
    fairy = _ConnectionRecord.checkout(pool)
            ^^^^^^^^^^^^^^^^^^^^^^^^^^^^^^^^
  File "C:\Projects\lectio\apps\textbook-agent\backend\.venv\Lib\site-packages\sqlalchemy\pool\base.py", line 712, in checkout
    rec = pool._do_get()
          ^^^^^^^^^^^^^^
  File "C:\Projects\lectio\apps\textbook-agent\backend\.venv\Lib\site-packages\sqlalchemy\pool\impl.py", line 306, in _do_get
    return self._create_connection()
           ^^^^^^^^^^^^^^^^^^^^^^^^^
  File "C:\Projects\lectio\apps\textbook-agent\backend\.venv\Lib\site-packages\sqlalchemy\pool\base.py", line 389, in _create_connection
    return _ConnectionRecord(self)
           ^^^^^^^^^^^^^^^^^^^^^^^
  File "C:\Projects\lectio\apps\textbook-agent\backend\.venv\Lib\site-packages\sqlalchemy\pool\base.py", line 674, in __init__
    self.__connect()
  File "C:\Projects\lectio\apps\textbook-agent\backend\.venv\Lib\site-packages\sqlalchemy\pool\base.py", line 900, in __connect
    with util.safe_reraise():
  File "C:\Projects\lectio\apps\textbook-agent\backend\.venv\Lib\site-packages\sqlalchemy\util\langhelpers.py", line 121, in __exit__
    raise exc_value.with_traceback(exc_tb)
  File "C:\Projects\lectio\apps\textbook-agent\backend\.venv\Lib\site-packages\sqlalchemy\pool\base.py", line 896, in __connect
    self.dbapi_connection = connection = pool._invoke_creator(self)
                                         ^^^^^^^^^^^^^^^^^^^^^^^^^^
  File "C:\Projects\lectio\apps\textbook-agent\backend\.venv\Lib\site-packages\sqlalchemy\engine\create.py", line 667, in connect
    return dialect.connect(*cargs_tup, **cparams)
           ^^^^^^^^^^^^^^^^^^^^^^^^^^^^^^^^^^^^^^
  File "C:\Projects\lectio\apps\textbook-agent\backend\.venv\Lib\site-packages\sqlalchemy\engine\default.py", line 630, in connect
    return self.loaded_dbapi.connect(*cargs, **cparams)  # type: ignore[no-any-return]  # NOQA: E501
           ^^^^^^^^^^^^^^^^^^^^^^^^^^^^^^^^^^^^^^^^^^^^
  File "C:\Projects\lectio\apps\textbook-agent\backend\.venv\Lib\site-packages\sqlalchemy\dialects\postgresql\asyncpg.py", line 955, in connect
    await_only(creator_fn(*arg, **kw)),
    ^^^^^^^^^^^^^^^^^^^^^^^^^^^^^^^^^^
  File "C:\Projects\lectio\apps\textbook-agent\backend\.venv\Lib\site-packages\sqlalchemy\util\_concurrency_py3k.py", line 132, in await_only
    return current.parent.switch(awaitable)  # type: ignore[no-any-return,attr-defined] # noqa: E501
           ^^^^^^^^^^^^^^^^^^^^^^^^^^^^^^^^
  File "C:\Projects\lectio\apps\textbook-agent\backend\.venv\Lib\site-packages\sqlalchemy\util\_concurrency_py3k.py", line 196, in greenlet_spawn
    value = await result
            ^^^^^^^^^^^^
  File "C:\Projects\lectio\apps\textbook-agent\backend\.venv\Lib\site-packages\asyncpg\connection.py", line 2443, in connect
    return await connect_utils._connect(
           ^^^^^^^^^^^^^^^^^^^^^^^^^^^^^
  File "C:\Projects\lectio\apps\textbook-agent\backend\.venv\Lib\site-packages\asyncpg\connect_utils.py", line 1249, in _connect
    raise last_error or exceptions.TargetServerAttributeNotMatched(
  File "C:\Projects\lectio\apps\textbook-agent\backend\.venv\Lib\site-packages\asyncpg\connect_utils.py", line 1218, in _connect
    conn = await _connect_addr(
           ^^^^^^^^^^^^^^^^^^^^
  File "C:\Projects\lectio\apps\textbook-agent\backend\.venv\Lib\site-packages\asyncpg\connect_utils.py", line 1054, in _connect_addr
    return await __connect_addr(params, True, *args)
           ^^^^^^^^^^^^^^^^^^^^^^^^^^^^^^^^^^^^^^^^^
  File "C:\Projects\lectio\apps\textbook-agent\backend\.venv\Lib\site-packages\asyncpg\connect_utils.py", line 1099, in __connect_addr
    tr, pr = await connector
             ^^^^^^^^^^^^^^^
  File "C:\Projects\lectio\apps\textbook-agent\backend\.venv\Lib\site-packages\asyncpg\connect_utils.py", line 969, in _create_ssl_connection
    tr, pr = await loop.create_connection(
             ^^^^^^^^^^^^^^^^^^^^^^^^^^^^^
  File "C:\Users\richi\AppData\Roaming\uv\python\cpython-3.11-windows-x86_64-none\Lib\asyncio\base_events.py", line 1086, in create_connection
    raise exceptions[0]
  File "C:\Users\richi\AppData\Roaming\uv\python\cpython-3.11-windows-x86_64-none\Lib\asyncio\base_events.py", line 1070, in create_connection
    sock = await self._connect_sock(
           ^^^^^^^^^^^^^^^^^^^^^^^^^
  File "C:\Users\richi\AppData\Roaming\uv\python\cpython-3.11-windows-x86_64-none\Lib\asyncio\base_events.py", line 974, in _connect_sock
    await self.sock_connect(sock, address)
  File "C:\Users\richi\AppData\Roaming\uv\python\cpython-3.11-windows-x86_64-none\Lib\asyncio\proactor_events.py", line 726, in sock_connect
    return await self._proactor.connect(sock, address)
           ^^^^^^^^^^^^^^^^^^^^^^^^^^^^^^^^^^^^^^^^^^^
  File "C:\Users\richi\AppData\Roaming\uv\python\cpython-3.11-windows-x86_64-none\Lib\asyncio\windows_events.py", line 854, in _poll
    value = callback(transferred, key, ov)
            ^^^^^^^^^^^^^^^^^^^^^^^^^^^^^^
  File "C:\Users\richi\AppData\Roaming\uv\python\cpython-3.11-windows-x86_64-none\Lib\asyncio\windows_events.py", line 641, in finish_connect
    ov.getresult()
ConnectionRefusedError: [WinError 1225] The remote computer refused the network connection

ERROR:    Application startup failed. Exiting.
WARNING:  WatchFiles detected changes in 'src\learn\generation\fencing.py'. Reloading...
C:\Projects\lectio\apps\textbook-agent\backend\src\contracts\generation_manifest.py:6: UserWarning: Field name "schema" in "GenerationFieldContract" shadows an attribute in parent "BaseModel"
  class GenerationFieldContract(BaseModel):
INFO:     Started server process [22148]
INFO:     Waiting for application startup.
ERROR:    Traceback (most recent call last):
  File "C:\Projects\lectio\apps\textbook-agent\backend\.venv\Lib\site-packages\starlette\routing.py", line 638, in lifespan
    async with self.lifespan_context(app) as maybe_state:
  File "C:\Users\richi\AppData\Roaming\uv\python\cpython-3.11-windows-x86_64-none\Lib\contextlib.py", line 210, in __aenter__
    return await anext(self.gen)
           ^^^^^^^^^^^^^^^^^^^^^
  File "C:\Projects\lectio\apps\textbook-agent\backend\.venv\Lib\site-packages\fastapi\routing.py", line 240, in merged_lifespan
    async with original_context(app) as maybe_original_state:
  File "C:\Users\richi\AppData\Roaming\uv\python\cpython-3.11-windows-x86_64-none\Lib\contextlib.py", line 210, in __aenter__
    return await anext(self.gen)
           ^^^^^^^^^^^^^^^^^^^^^
  File "C:\Projects\lectio\apps\textbook-agent\backend\.venv\Lib\site-packages\fastapi\routing.py", line 240, in merged_lifespan
    async with original_context(app) as maybe_original_state:
  File "C:\Users\richi\AppData\Roaming\uv\python\cpython-3.11-windows-x86_64-none\Lib\contextlib.py", line 210, in __aenter__
    return await anext(self.gen)
           ^^^^^^^^^^^^^^^^^^^^^
  File "C:\Projects\lectio\apps\textbook-agent\backend\.venv\Lib\site-packages\fastapi\routing.py", line 240, in merged_lifespan
    async with original_context(app) as maybe_original_state:
  File "C:\Users\richi\AppData\Roaming\uv\python\cpython-3.11-windows-x86_64-none\Lib\contextlib.py", line 210, in __aenter__
    return await anext(self.gen)
           ^^^^^^^^^^^^^^^^^^^^^
  File "C:\Projects\lectio\apps\textbook-agent\backend\.venv\Lib\site-packages\fastapi\routing.py", line 240, in merged_lifespan
    async with original_context(app) as maybe_original_state:
  File "C:\Users\richi\AppData\Roaming\uv\python\cpython-3.11-windows-x86_64-none\Lib\contextlib.py", line 210, in __aenter__
    return await anext(self.gen)
           ^^^^^^^^^^^^^^^^^^^^^
  File "C:\Projects\lectio\apps\textbook-agent\backend\.venv\Lib\site-packages\fastapi\routing.py", line 240, in merged_lifespan
    async with original_context(app) as maybe_original_state:
  File "C:\Users\richi\AppData\Roaming\uv\python\cpython-3.11-windows-x86_64-none\Lib\contextlib.py", line 210, in __aenter__
    return await anext(self.gen)
           ^^^^^^^^^^^^^^^^^^^^^
  File "C:\Projects\lectio\apps\textbook-agent\backend\.venv\Lib\site-packages\fastapi\routing.py", line 240, in merged_lifespan
    async with original_context(app) as maybe_original_state:
  File "C:\Users\richi\AppData\Roaming\uv\python\cpython-3.11-windows-x86_64-none\Lib\contextlib.py", line 210, in __aenter__
    return await anext(self.gen)
           ^^^^^^^^^^^^^^^^^^^^^
  File "C:\Projects\lectio\apps\textbook-agent\backend\.venv\Lib\site-packages\fastapi\routing.py", line 240, in merged_lifespan
    async with original_context(app) as maybe_original_state:
  File "C:\Users\richi\AppData\Roaming\uv\python\cpython-3.11-windows-x86_64-none\Lib\contextlib.py", line 210, in __aenter__
    return await anext(self.gen)
           ^^^^^^^^^^^^^^^^^^^^^
  File "C:\Projects\lectio\apps\textbook-agent\backend\.venv\Lib\site-packages\fastapi\routing.py", line 240, in merged_lifespan
    async with original_context(app) as maybe_original_state:
  File "C:\Users\richi\AppData\Roaming\uv\python\cpython-3.11-windows-x86_64-none\Lib\contextlib.py", line 210, in __aenter__
    return await anext(self.gen)
           ^^^^^^^^^^^^^^^^^^^^^
  File "C:\Projects\lectio\apps\textbook-agent\backend\.venv\Lib\site-packages\fastapi\routing.py", line 240, in merged_lifespan
    async with original_context(app) as maybe_original_state:
  File "C:\Users\richi\AppData\Roaming\uv\python\cpython-3.11-windows-x86_64-none\Lib\contextlib.py", line 210, in __aenter__
    return await anext(self.gen)
           ^^^^^^^^^^^^^^^^^^^^^
  File "C:\Projects\lectio\apps\textbook-agent\backend\.venv\Lib\site-packages\fastapi\routing.py", line 240, in merged_lifespan
    async with original_context(app) as maybe_original_state:
  File "C:\Users\richi\AppData\Roaming\uv\python\cpython-3.11-windows-x86_64-none\Lib\contextlib.py", line 210, in __aenter__
    return await anext(self.gen)
           ^^^^^^^^^^^^^^^^^^^^^
  File "C:\Projects\lectio\apps\textbook-agent\backend\.venv\Lib\site-packages\fastapi\routing.py", line 240, in merged_lifespan
    async with original_context(app) as maybe_original_state:
  File "C:\Users\richi\AppData\Roaming\uv\python\cpython-3.11-windows-x86_64-none\Lib\contextlib.py", line 210, in __aenter__
    return await anext(self.gen)
           ^^^^^^^^^^^^^^^^^^^^^
  File "C:\Projects\lectio\apps\textbook-agent\backend\.venv\Lib\site-packages\fastapi\routing.py", line 240, in merged_lifespan
    async with original_context(app) as maybe_original_state:
  File "C:\Users\richi\AppData\Roaming\uv\python\cpython-3.11-windows-x86_64-none\Lib\contextlib.py", line 210, in __aenter__
    return await anext(self.gen)
           ^^^^^^^^^^^^^^^^^^^^^
  File "C:\Projects\lectio\apps\textbook-agent\backend\.venv\Lib\site-packages\fastapi\routing.py", line 240, in merged_lifespan
    async with original_context(app) as maybe_original_state:
  File "C:\Users\richi\AppData\Roaming\uv\python\cpython-3.11-windows-x86_64-none\Lib\contextlib.py", line 210, in __aenter__
    return await anext(self.gen)
           ^^^^^^^^^^^^^^^^^^^^^
  File "C:\Projects\lectio\apps\textbook-agent\backend\.venv\Lib\site-packages\fastapi\routing.py", line 240, in merged_lifespan
    async with original_context(app) as maybe_original_state:
  File "C:\Users\richi\AppData\Roaming\uv\python\cpython-3.11-windows-x86_64-none\Lib\contextlib.py", line 210, in __aenter__
    return await anext(self.gen)
           ^^^^^^^^^^^^^^^^^^^^^
  File "C:\Projects\lectio\apps\textbook-agent\backend\.venv\Lib\site-packages\fastapi\routing.py", line 240, in merged_lifespan
    async with original_context(app) as maybe_original_state:
  File "C:\Users\richi\AppData\Roaming\uv\python\cpython-3.11-windows-x86_64-none\Lib\contextlib.py", line 210, in __aenter__
    return await anext(self.gen)
           ^^^^^^^^^^^^^^^^^^^^^
  File "C:\Projects\lectio\apps\textbook-agent\backend\.venv\Lib\site-packages\fastapi\routing.py", line 240, in merged_lifespan
    async with original_context(app) as maybe_original_state:
  File "C:\Users\richi\AppData\Roaming\uv\python\cpython-3.11-windows-x86_64-none\Lib\contextlib.py", line 210, in __aenter__
    return await anext(self.gen)
           ^^^^^^^^^^^^^^^^^^^^^
  File "C:\Projects\lectio\apps\textbook-agent\backend\src\app.py", line 231, in lifespan
    await asyncio.to_thread(upgrade_database)
  File "C:\Users\richi\AppData\Roaming\uv\python\cpython-3.11-windows-x86_64-none\Lib\asyncio\threads.py", line 25, in to_thread
    return await loop.run_in_executor(None, func_call)
           ^^^^^^^^^^^^^^^^^^^^^^^^^^^^^^^^^^^^^^^^^^^
  File "C:\Users\richi\AppData\Roaming\uv\python\cpython-3.11-windows-x86_64-none\Lib\concurrent\futures\thread.py", line 58, in run
    result = self.fn(*self.args, **self.kwargs)
             ^^^^^^^^^^^^^^^^^^^^^^^^^^^^^^^^^^
  File "C:\Projects\lectio\apps\textbook-agent\backend\src\infra\database\migrations\runner.py", line 43, in upgrade_database
    command.upgrade(_alembic_config(), revision)
  File "C:\Projects\lectio\apps\textbook-agent\backend\.venv\Lib\site-packages\alembic\command.py", line 483, in upgrade
    script.run_env()
  File "C:\Projects\lectio\apps\textbook-agent\backend\.venv\Lib\site-packages\alembic\script\base.py", line 545, in run_env
    util.load_python_file(self.dir, "env.py")
  File "C:\Projects\lectio\apps\textbook-agent\backend\.venv\Lib\site-packages\alembic\util\pyfiles.py", line 116, in load_python_file
    module = load_module_py(module_id, path)
             ^^^^^^^^^^^^^^^^^^^^^^^^^^^^^^^
  File "C:\Projects\lectio\apps\textbook-agent\backend\.venv\Lib\site-packages\alembic\util\pyfiles.py", line 136, in load_module_py
    spec.loader.exec_module(module)  # type: ignore
    ^^^^^^^^^^^^^^^^^^^^^^^^^^^^^^^
  File "<frozen importlib._bootstrap_external>", line 940, in exec_module
  File "<frozen importlib._bootstrap>", line 241, in _call_with_frames_removed
  File "C:\Projects\lectio\apps\textbook-agent\backend\src\infra\database\migrations\env.py", line 69, in <module>
    asyncio.run(run_migrations_online())
  File "C:\Users\richi\AppData\Roaming\uv\python\cpython-3.11-windows-x86_64-none\Lib\asyncio\runners.py", line 190, in run
    return runner.run(main)
           ^^^^^^^^^^^^^^^^
  File "C:\Users\richi\AppData\Roaming\uv\python\cpython-3.11-windows-x86_64-none\Lib\asyncio\runners.py", line 118, in run
    return self._loop.run_until_complete(task)
           ^^^^^^^^^^^^^^^^^^^^^^^^^^^^^^^^^^^
  File "C:\Users\richi\AppData\Roaming\uv\python\cpython-3.11-windows-x86_64-none\Lib\asyncio\base_events.py", line 654, in run_until_complete
    return future.result()
           ^^^^^^^^^^^^^^^
  File "C:\Projects\lectio\apps\textbook-agent\backend\src\infra\database\migrations\env.py", line 60, in run_migrations_online
    async with connectable.connect() as connection:
  File "C:\Projects\lectio\apps\textbook-agent\backend\.venv\Lib\site-packages\sqlalchemy\ext\asyncio\base.py", line 121, in __aenter__
    return await self.start(is_ctxmanager=True)
           ^^^^^^^^^^^^^^^^^^^^^^^^^^^^^^^^^^^^
  File "C:\Projects\lectio\apps\textbook-agent\backend\.venv\Lib\site-packages\sqlalchemy\ext\asyncio\engine.py", line 275, in start
    await greenlet_spawn(self.sync_engine.connect)
  File "C:\Projects\lectio\apps\textbook-agent\backend\.venv\Lib\site-packages\sqlalchemy\util\_concurrency_py3k.py", line 201, in greenlet_spawn
    result = context.throw(*sys.exc_info())
             ^^^^^^^^^^^^^^^^^^^^^^^^^^^^^^
  File "C:\Projects\lectio\apps\textbook-agent\backend\.venv\Lib\site-packages\sqlalchemy\engine\base.py", line 3293, in connect
    return self._connection_cls(self)
           ^^^^^^^^^^^^^^^^^^^^^^^^^^
  File "C:\Projects\lectio\apps\textbook-agent\backend\.venv\Lib\site-packages\sqlalchemy\engine\base.py", line 143, in __init__
    self._dbapi_connection = engine.raw_connection()
                             ^^^^^^^^^^^^^^^^^^^^^^^
  File "C:\Projects\lectio\apps\textbook-agent\backend\.venv\Lib\site-packages\sqlalchemy\engine\base.py", line 3317, in raw_connection
    return self.pool.connect()
           ^^^^^^^^^^^^^^^^^^^
  File "C:\Projects\lectio\apps\textbook-agent\backend\.venv\Lib\site-packages\sqlalchemy\pool\base.py", line 448, in connect
    return _ConnectionFairy._checkout(self)
           ^^^^^^^^^^^^^^^^^^^^^^^^^^^^^^^^
  File "C:\Projects\lectio\apps\textbook-agent\backend\.venv\Lib\site-packages\sqlalchemy\pool\base.py", line 1272, in _checkout
    fairy = _ConnectionRecord.checkout(pool)
            ^^^^^^^^^^^^^^^^^^^^^^^^^^^^^^^^
  File "C:\Projects\lectio\apps\textbook-agent\backend\.venv\Lib\site-packages\sqlalchemy\pool\base.py", line 712, in checkout
    rec = pool._do_get()
          ^^^^^^^^^^^^^^
  File "C:\Projects\lectio\apps\textbook-agent\backend\.venv\Lib\site-packages\sqlalchemy\pool\impl.py", line 306, in _do_get
    return self._create_connection()
           ^^^^^^^^^^^^^^^^^^^^^^^^^
  File "C:\Projects\lectio\apps\textbook-agent\backend\.venv\Lib\site-packages\sqlalchemy\pool\base.py", line 389, in _create_connection
    return _ConnectionRecord(self)
           ^^^^^^^^^^^^^^^^^^^^^^^
  File "C:\Projects\lectio\apps\textbook-agent\backend\.venv\Lib\site-packages\sqlalchemy\pool\base.py", line 674, in __init__
    self.__connect()
  File "C:\Projects\lectio\apps\textbook-agent\backend\.venv\Lib\site-packages\sqlalchemy\pool\base.py", line 900, in __connect
    with util.safe_reraise():
  File "C:\Projects\lectio\apps\textbook-agent\backend\.venv\Lib\site-packages\sqlalchemy\util\langhelpers.py", line 121, in __exit__
    raise exc_value.with_traceback(exc_tb)
  File "C:\Projects\lectio\apps\textbook-agent\backend\.venv\Lib\site-packages\sqlalchemy\pool\base.py", line 896, in __connect
    self.dbapi_connection = connection = pool._invoke_creator(self)
                                         ^^^^^^^^^^^^^^^^^^^^^^^^^^
  File "C:\Projects\lectio\apps\textbook-agent\backend\.venv\Lib\site-packages\sqlalchemy\engine\create.py", line 667, in connect
    return dialect.connect(*cargs_tup, **cparams)
           ^^^^^^^^^^^^^^^^^^^^^^^^^^^^^^^^^^^^^^
  File "C:\Projects\lectio\apps\textbook-agent\backend\.venv\Lib\site-packages\sqlalchemy\engine\default.py", line 630, in connect
    return self.loaded_dbapi.connect(*cargs, **cparams)  # type: ignore[no-any-return]  # NOQA: E501
           ^^^^^^^^^^^^^^^^^^^^^^^^^^^^^^^^^^^^^^^^^^^^
  File "C:\Projects\lectio\apps\textbook-agent\backend\.venv\Lib\site-packages\sqlalchemy\dialects\postgresql\asyncpg.py", line 955, in connect
    await_only(creator_fn(*arg, **kw)),
    ^^^^^^^^^^^^^^^^^^^^^^^^^^^^^^^^^^
  File "C:\Projects\lectio\apps\textbook-agent\backend\.venv\Lib\site-packages\sqlalchemy\util\_concurrency_py3k.py", line 132, in await_only
    return current.parent.switch(awaitable)  # type: ignore[no-any-return,attr-defined] # noqa: E501
           ^^^^^^^^^^^^^^^^^^^^^^^^^^^^^^^^
  File "C:\Projects\lectio\apps\textbook-agent\backend\.venv\Lib\site-packages\sqlalchemy\util\_concurrency_py3k.py", line 196, in greenlet_spawn
    value = await result
            ^^^^^^^^^^^^
  File "C:\Projects\lectio\apps\textbook-agent\backend\.venv\Lib\site-packages\asyncpg\connection.py", line 2443, in connect
    return await connect_utils._connect(
           ^^^^^^^^^^^^^^^^^^^^^^^^^^^^^
  File "C:\Projects\lectio\apps\textbook-agent\backend\.venv\Lib\site-packages\asyncpg\connect_utils.py", line 1249, in _connect
    raise last_error or exceptions.TargetServerAttributeNotMatched(
  File "C:\Projects\lectio\apps\textbook-agent\backend\.venv\Lib\site-packages\asyncpg\connect_utils.py", line 1218, in _connect
    conn = await _connect_addr(
           ^^^^^^^^^^^^^^^^^^^^
  File "C:\Projects\lectio\apps\textbook-agent\backend\.venv\Lib\site-packages\asyncpg\connect_utils.py", line 1054, in _connect_addr
    return await __connect_addr(params, True, *args)
           ^^^^^^^^^^^^^^^^^^^^^^^^^^^^^^^^^^^^^^^^^
  File "C:\Projects\lectio\apps\textbook-agent\backend\.venv\Lib\site-packages\asyncpg\connect_utils.py", line 1099, in __connect_addr
    tr, pr = await connector
             ^^^^^^^^^^^^^^^
  File "C:\Projects\lectio\apps\textbook-agent\backend\.venv\Lib\site-packages\asyncpg\connect_utils.py", line 969, in _create_ssl_connection
    tr, pr = await loop.create_connection(
             ^^^^^^^^^^^^^^^^^^^^^^^^^^^^^
  File "C:\Users\richi\AppData\Roaming\uv\python\cpython-3.11-windows-x86_64-none\Lib\asyncio\base_events.py", line 1086, in create_connection
    raise exceptions[0]
  File "C:\Users\richi\AppData\Roaming\uv\python\cpython-3.11-windows-x86_64-none\Lib\asyncio\base_events.py", line 1070, in create_connection
    sock = await self._connect_sock(
           ^^^^^^^^^^^^^^^^^^^^^^^^^
  File "C:\Users\richi\AppData\Roaming\uv\python\cpython-3.11-windows-x86_64-none\Lib\asyncio\base_events.py", line 974, in _connect_sock
    await self.sock_connect(sock, address)
  File "C:\Users\richi\AppData\Roaming\uv\python\cpython-3.11-windows-x86_64-none\Lib\asyncio\proactor_events.py", line 726, in sock_connect
    return await self._proactor.connect(sock, address)
           ^^^^^^^^^^^^^^^^^^^^^^^^^^^^^^^^^^^^^^^^^^^
  File "C:\Users\richi\AppData\Roaming\uv\python\cpython-3.11-windows-x86_64-none\Lib\asyncio\windows_events.py", line 854, in _poll
    value = callback(transferred, key, ov)
            ^^^^^^^^^^^^^^^^^^^^^^^^^^^^^^
  File "C:\Users\richi\AppData\Roaming\uv\python\cpython-3.11-windows-x86_64-none\Lib\asyncio\windows_events.py", line 641, in finish_connect
    ov.getresult()
ConnectionRefusedError: [WinError 1225] The remote computer refused the network connection

ERROR:    Application startup failed. Exiting.
WARNING:  WatchFiles detected changes in 'tests\routes\test_learn_adversarial.py', 'tests\planning\test_native_retry_pre_worker.py'. Reloading...
C:\Projects\lectio\apps\textbook-agent\backend\src\contracts\generation_manifest.py:6: UserWarning: Field name "schema" in "GenerationFieldContract" shadows an attribute in parent "BaseModel"
  class GenerationFieldContract(BaseModel):
INFO:     Started server process [16688]
INFO:     Waiting for application startup.
ERROR:    Traceback (most recent call last):
  File "C:\Projects\lectio\apps\textbook-agent\backend\.venv\Lib\site-packages\starlette\routing.py", line 638, in lifespan
    async with self.lifespan_context(app) as maybe_state:
  File "C:\Users\richi\AppData\Roaming\uv\python\cpython-3.11-windows-x86_64-none\Lib\contextlib.py", line 210, in __aenter__
    return await anext(self.gen)
           ^^^^^^^^^^^^^^^^^^^^^
  File "C:\Projects\lectio\apps\textbook-agent\backend\.venv\Lib\site-packages\fastapi\routing.py", line 240, in merged_lifespan
    async with original_context(app) as maybe_original_state:
  File "C:\Users\richi\AppData\Roaming\uv\python\cpython-3.11-windows-x86_64-none\Lib\contextlib.py", line 210, in __aenter__
    return await anext(self.gen)
           ^^^^^^^^^^^^^^^^^^^^^
  File "C:\Projects\lectio\apps\textbook-agent\backend\.venv\Lib\site-packages\fastapi\routing.py", line 240, in merged_lifespan
    async with original_context(app) as maybe_original_state:
  File "C:\Users\richi\AppData\Roaming\uv\python\cpython-3.11-windows-x86_64-none\Lib\contextlib.py", line 210, in __aenter__
    return await anext(self.gen)
           ^^^^^^^^^^^^^^^^^^^^^
  File "C:\Projects\lectio\apps\textbook-agent\backend\.venv\Lib\site-packages\fastapi\routing.py", line 240, in merged_lifespan
    async with original_context(app) as maybe_original_state:
  File "C:\Users\richi\AppData\Roaming\uv\python\cpython-3.11-windows-x86_64-none\Lib\contextlib.py", line 210, in __aenter__
    return await anext(self.gen)
           ^^^^^^^^^^^^^^^^^^^^^
  File "C:\Projects\lectio\apps\textbook-agent\backend\.venv\Lib\site-packages\fastapi\routing.py", line 240, in merged_lifespan
    async with original_context(app) as maybe_original_state:
  File "C:\Users\richi\AppData\Roaming\uv\python\cpython-3.11-windows-x86_64-none\Lib\contextlib.py", line 210, in __aenter__
    return await anext(self.gen)
           ^^^^^^^^^^^^^^^^^^^^^
  File "C:\Projects\lectio\apps\textbook-agent\backend\.venv\Lib\site-packages\fastapi\routing.py", line 240, in merged_lifespan
    async with original_context(app) as maybe_original_state:
  File "C:\Users\richi\AppData\Roaming\uv\python\cpython-3.11-windows-x86_64-none\Lib\contextlib.py", line 210, in __aenter__
    return await anext(self.gen)
           ^^^^^^^^^^^^^^^^^^^^^
  File "C:\Projects\lectio\apps\textbook-agent\backend\.venv\Lib\site-packages\fastapi\routing.py", line 240, in merged_lifespan
    async with original_context(app) as maybe_original_state:
  File "C:\Users\richi\AppData\Roaming\uv\python\cpython-3.11-windows-x86_64-none\Lib\contextlib.py", line 210, in __aenter__
    return await anext(self.gen)
           ^^^^^^^^^^^^^^^^^^^^^
  File "C:\Projects\lectio\apps\textbook-agent\backend\.venv\Lib\site-packages\fastapi\routing.py", line 240, in merged_lifespan
    async with original_context(app) as maybe_original_state:
  File "C:\Users\richi\AppData\Roaming\uv\python\cpython-3.11-windows-x86_64-none\Lib\contextlib.py", line 210, in __aenter__
    return await anext(self.gen)
           ^^^^^^^^^^^^^^^^^^^^^
  File "C:\Projects\lectio\apps\textbook-agent\backend\.venv\Lib\site-packages\fastapi\routing.py", line 240, in merged_lifespan
    async with original_context(app) as maybe_original_state:
  File "C:\Users\richi\AppData\Roaming\uv\python\cpython-3.11-windows-x86_64-none\Lib\contextlib.py", line 210, in __aenter__
    return await anext(self.gen)
           ^^^^^^^^^^^^^^^^^^^^^
  File "C:\Projects\lectio\apps\textbook-agent\backend\.venv\Lib\site-packages\fastapi\routing.py", line 240, in merged_lifespan
    async with original_context(app) as maybe_original_state:
  File "C:\Users\richi\AppData\Roaming\uv\python\cpython-3.11-windows-x86_64-none\Lib\contextlib.py", line 210, in __aenter__
    return await anext(self.gen)
           ^^^^^^^^^^^^^^^^^^^^^
  File "C:\Projects\lectio\apps\textbook-agent\backend\.venv\Lib\site-packages\fastapi\routing.py", line 240, in merged_lifespan
    async with original_context(app) as maybe_original_state:
  File "C:\Users\richi\AppData\Roaming\uv\python\cpython-3.11-windows-x86_64-none\Lib\contextlib.py", line 210, in __aenter__
    return await anext(self.gen)
           ^^^^^^^^^^^^^^^^^^^^^
  File "C:\Projects\lectio\apps\textbook-agent\backend\.venv\Lib\site-packages\fastapi\routing.py", line 240, in merged_lifespan
    async with original_context(app) as maybe_original_state:
  File "C:\Users\richi\AppData\Roaming\uv\python\cpython-3.11-windows-x86_64-none\Lib\contextlib.py", line 210, in __aenter__
    return await anext(self.gen)
           ^^^^^^^^^^^^^^^^^^^^^
  File "C:\Projects\lectio\apps\textbook-agent\backend\.venv\Lib\site-packages\fastapi\routing.py", line 240, in merged_lifespan
    async with original_context(app) as maybe_original_state:
  File "C:\Users\richi\AppData\Roaming\uv\python\cpython-3.11-windows-x86_64-none\Lib\contextlib.py", line 210, in __aenter__
    return await anext(self.gen)
           ^^^^^^^^^^^^^^^^^^^^^
  File "C:\Projects\lectio\apps\textbook-agent\backend\.venv\Lib\site-packages\fastapi\routing.py", line 240, in merged_lifespan
    async with original_context(app) as maybe_original_state:
  File "C:\Users\richi\AppData\Roaming\uv\python\cpython-3.11-windows-x86_64-none\Lib\contextlib.py", line 210, in __aenter__
    return await anext(self.gen)
           ^^^^^^^^^^^^^^^^^^^^^
  File "C:\Projects\lectio\apps\textbook-agent\backend\.venv\Lib\site-packages\fastapi\routing.py", line 240, in merged_lifespan
    async with original_context(app) as maybe_original_state:
  File "C:\Users\richi\AppData\Roaming\uv\python\cpython-3.11-windows-x86_64-none\Lib\contextlib.py", line 210, in __aenter__
    return await anext(self.gen)
           ^^^^^^^^^^^^^^^^^^^^^
  File "C:\Projects\lectio\apps\textbook-agent\backend\.venv\Lib\site-packages\fastapi\routing.py", line 240, in merged_lifespan
    async with original_context(app) as maybe_original_state:
  File "C:\Users\richi\AppData\Roaming\uv\python\cpython-3.11-windows-x86_64-none\Lib\contextlib.py", line 210, in __aenter__
    return await anext(self.gen)
           ^^^^^^^^^^^^^^^^^^^^^
  File "C:\Projects\lectio\apps\textbook-agent\backend\.venv\Lib\site-packages\fastapi\routing.py", line 240, in merged_lifespan
    async with original_context(app) as maybe_original_state:
  File "C:\Users\richi\AppData\Roaming\uv\python\cpython-3.11-windows-x86_64-none\Lib\contextlib.py", line 210, in __aenter__
    return await anext(self.gen)
           ^^^^^^^^^^^^^^^^^^^^^
  File "C:\Projects\lectio\apps\textbook-agent\backend\src\app.py", line 231, in lifespan
    await asyncio.to_thread(upgrade_database)
  File "C:\Users\richi\AppData\Roaming\uv\python\cpython-3.11-windows-x86_64-none\Lib\asyncio\threads.py", line 25, in to_thread
    return await loop.run_in_executor(None, func_call)
           ^^^^^^^^^^^^^^^^^^^^^^^^^^^^^^^^^^^^^^^^^^^
  File "C:\Users\richi\AppData\Roaming\uv\python\cpython-3.11-windows-x86_64-none\Lib\concurrent\futures\thread.py", line 58, in run
    result = self.fn(*self.args, **self.kwargs)
             ^^^^^^^^^^^^^^^^^^^^^^^^^^^^^^^^^^
  File "C:\Projects\lectio\apps\textbook-agent\backend\src\infra\database\migrations\runner.py", line 43, in upgrade_database
    command.upgrade(_alembic_config(), revision)
  File "C:\Projects\lectio\apps\textbook-agent\backend\.venv\Lib\site-packages\alembic\command.py", line 483, in upgrade
    script.run_env()
  File "C:\Projects\lectio\apps\textbook-agent\backend\.venv\Lib\site-packages\alembic\script\base.py", line 545, in run_env
    util.load_python_file(self.dir, "env.py")
  File "C:\Projects\lectio\apps\textbook-agent\backend\.venv\Lib\site-packages\alembic\util\pyfiles.py", line 116, in load_python_file
    module = load_module_py(module_id, path)
             ^^^^^^^^^^^^^^^^^^^^^^^^^^^^^^^
  File "C:\Projects\lectio\apps\textbook-agent\backend\.venv\Lib\site-packages\alembic\util\pyfiles.py", line 136, in load_module_py
    spec.loader.exec_module(module)  # type: ignore
    ^^^^^^^^^^^^^^^^^^^^^^^^^^^^^^^
  File "<frozen importlib._bootstrap_external>", line 940, in exec_module
  File "<frozen importlib._bootstrap>", line 241, in _call_with_frames_removed
  File "C:\Projects\lectio\apps\textbook-agent\backend\src\infra\database\migrations\env.py", line 69, in <module>
    asyncio.run(run_migrations_online())
  File "C:\Users\richi\AppData\Roaming\uv\python\cpython-3.11-windows-x86_64-none\Lib\asyncio\runners.py", line 190, in run
    return runner.run(main)
           ^^^^^^^^^^^^^^^^
  File "C:\Users\richi\AppData\Roaming\uv\python\cpython-3.11-windows-x86_64-none\Lib\asyncio\runners.py", line 118, in run
    return self._loop.run_until_complete(task)
           ^^^^^^^^^^^^^^^^^^^^^^^^^^^^^^^^^^^
  File "C:\Users\richi\AppData\Roaming\uv\python\cpython-3.11-windows-x86_64-none\Lib\asyncio\base_events.py", line 654, in run_until_complete
    return future.result()
           ^^^^^^^^^^^^^^^
  File "C:\Projects\lectio\apps\textbook-agent\backend\src\infra\database\migrations\env.py", line 60, in run_migrations_online
    async with connectable.connect() as connection:
  File "C:\Projects\lectio\apps\textbook-agent\backend\.venv\Lib\site-packages\sqlalchemy\ext\asyncio\base.py", line 121, in __aenter__
    return await self.start(is_ctxmanager=True)
           ^^^^^^^^^^^^^^^^^^^^^^^^^^^^^^^^^^^^
  File "C:\Projects\lectio\apps\textbook-agent\backend\.venv\Lib\site-packages\sqlalchemy\ext\asyncio\engine.py", line 275, in start
    await greenlet_spawn(self.sync_engine.connect)
  File "C:\Projects\lectio\apps\textbook-agent\backend\.venv\Lib\site-packages\sqlalchemy\util\_concurrency_py3k.py", line 201, in greenlet_spawn
    result = context.throw(*sys.exc_info())
             ^^^^^^^^^^^^^^^^^^^^^^^^^^^^^^
  File "C:\Projects\lectio\apps\textbook-agent\backend\.venv\Lib\site-packages\sqlalchemy\engine\base.py", line 3293, in connect
    return self._connection_cls(self)
           ^^^^^^^^^^^^^^^^^^^^^^^^^^
  File "C:\Projects\lectio\apps\textbook-agent\backend\.venv\Lib\site-packages\sqlalchemy\engine\base.py", line 143, in __init__
    self._dbapi_connection = engine.raw_connection()
                             ^^^^^^^^^^^^^^^^^^^^^^^
  File "C:\Projects\lectio\apps\textbook-agent\backend\.venv\Lib\site-packages\sqlalchemy\engine\base.py", line 3317, in raw_connection
    return self.pool.connect()
           ^^^^^^^^^^^^^^^^^^^
  File "C:\Projects\lectio\apps\textbook-agent\backend\.venv\Lib\site-packages\sqlalchemy\pool\base.py", line 448, in connect
    return _ConnectionFairy._checkout(self)
           ^^^^^^^^^^^^^^^^^^^^^^^^^^^^^^^^
  File "C:\Projects\lectio\apps\textbook-agent\backend\.venv\Lib\site-packages\sqlalchemy\pool\base.py", line 1272, in _checkout
    fairy = _ConnectionRecord.checkout(pool)
            ^^^^^^^^^^^^^^^^^^^^^^^^^^^^^^^^
  File "C:\Projects\lectio\apps\textbook-agent\backend\.venv\Lib\site-packages\sqlalchemy\pool\base.py", line 712, in checkout
    rec = pool._do_get()
          ^^^^^^^^^^^^^^
  File "C:\Projects\lectio\apps\textbook-agent\backend\.venv\Lib\site-packages\sqlalchemy\pool\impl.py", line 306, in _do_get
    return self._create_connection()
           ^^^^^^^^^^^^^^^^^^^^^^^^^
  File "C:\Projects\lectio\apps\textbook-agent\backend\.venv\Lib\site-packages\sqlalchemy\pool\base.py", line 389, in _create_connection
    return _ConnectionRecord(self)
           ^^^^^^^^^^^^^^^^^^^^^^^
  File "C:\Projects\lectio\apps\textbook-agent\backend\.venv\Lib\site-packages\sqlalchemy\pool\base.py", line 674, in __init__
    self.__connect()
  File "C:\Projects\lectio\apps\textbook-agent\backend\.venv\Lib\site-packages\sqlalchemy\pool\base.py", line 900, in __connect
    with util.safe_reraise():
  File "C:\Projects\lectio\apps\textbook-agent\backend\.venv\Lib\site-packages\sqlalchemy\util\langhelpers.py", line 121, in __exit__
    raise exc_value.with_traceback(exc_tb)
  File "C:\Projects\lectio\apps\textbook-agent\backend\.venv\Lib\site-packages\sqlalchemy\pool\base.py", line 896, in __connect
    self.dbapi_connection = connection = pool._invoke_creator(self)
                                         ^^^^^^^^^^^^^^^^^^^^^^^^^^
  File "C:\Projects\lectio\apps\textbook-agent\backend\.venv\Lib\site-packages\sqlalchemy\engine\create.py", line 667, in connect
    return dialect.connect(*cargs_tup, **cparams)
           ^^^^^^^^^^^^^^^^^^^^^^^^^^^^^^^^^^^^^^
  File "C:\Projects\lectio\apps\textbook-agent\backend\.venv\Lib\site-packages\sqlalchemy\engine\default.py", line 630, in connect
    return self.loaded_dbapi.connect(*cargs, **cparams)  # type: ignore[no-any-return]  # NOQA: E501
           ^^^^^^^^^^^^^^^^^^^^^^^^^^^^^^^^^^^^^^^^^^^^
  File "C:\Projects\lectio\apps\textbook-agent\backend\.venv\Lib\site-packages\sqlalchemy\dialects\postgresql\asyncpg.py", line 955, in connect
    await_only(creator_fn(*arg, **kw)),
    ^^^^^^^^^^^^^^^^^^^^^^^^^^^^^^^^^^
  File "C:\Projects\lectio\apps\textbook-agent\backend\.venv\Lib\site-packages\sqlalchemy\util\_concurrency_py3k.py", line 132, in await_only
    return current.parent.switch(awaitable)  # type: ignore[no-any-return,attr-defined] # noqa: E501
           ^^^^^^^^^^^^^^^^^^^^^^^^^^^^^^^^
  File "C:\Projects\lectio\apps\textbook-agent\backend\.venv\Lib\site-packages\sqlalchemy\util\_concurrency_py3k.py", line 196, in greenlet_spawn
    value = await result
            ^^^^^^^^^^^^
  File "C:\Projects\lectio\apps\textbook-agent\backend\.venv\Lib\site-packages\asyncpg\connection.py", line 2443, in connect
    return await connect_utils._connect(
           ^^^^^^^^^^^^^^^^^^^^^^^^^^^^^
  File "C:\Projects\lectio\apps\textbook-agent\backend\.venv\Lib\site-packages\asyncpg\connect_utils.py", line 1249, in _connect
    raise last_error or exceptions.TargetServerAttributeNotMatched(
  File "C:\Projects\lectio\apps\textbook-agent\backend\.venv\Lib\site-packages\asyncpg\connect_utils.py", line 1218, in _connect
    conn = await _connect_addr(
           ^^^^^^^^^^^^^^^^^^^^
  File "C:\Projects\lectio\apps\textbook-agent\backend\.venv\Lib\site-packages\asyncpg\connect_utils.py", line 1054, in _connect_addr
    return await __connect_addr(params, True, *args)
           ^^^^^^^^^^^^^^^^^^^^^^^^^^^^^^^^^^^^^^^^^
  File "C:\Projects\lectio\apps\textbook-agent\backend\.venv\Lib\site-packages\asyncpg\connect_utils.py", line 1099, in __connect_addr
    tr, pr = await connector
             ^^^^^^^^^^^^^^^
  File "C:\Projects\lectio\apps\textbook-agent\backend\.venv\Lib\site-packages\asyncpg\connect_utils.py", line 969, in _create_ssl_connection
    tr, pr = await loop.create_connection(
             ^^^^^^^^^^^^^^^^^^^^^^^^^^^^^
  File "C:\Users\richi\AppData\Roaming\uv\python\cpython-3.11-windows-x86_64-none\Lib\asyncio\base_events.py", line 1086, in create_connection
    raise exceptions[0]
  File "C:\Users\richi\AppData\Roaming\uv\python\cpython-3.11-windows-x86_64-none\Lib\asyncio\base_events.py", line 1070, in create_connection
    sock = await self._connect_sock(
           ^^^^^^^^^^^^^^^^^^^^^^^^^
  File "C:\Users\richi\AppData\Roaming\uv\python\cpython-3.11-windows-x86_64-none\Lib\asyncio\base_events.py", line 974, in _connect_sock
    await self.sock_connect(sock, address)
  File "C:\Users\richi\AppData\Roaming\uv\python\cpython-3.11-windows-x86_64-none\Lib\asyncio\proactor_events.py", line 726, in sock_connect
    return await self._proactor.connect(sock, address)
           ^^^^^^^^^^^^^^^^^^^^^^^^^^^^^^^^^^^^^^^^^^^
  File "C:\Users\richi\AppData\Roaming\uv\python\cpython-3.11-windows-x86_64-none\Lib\asyncio\windows_events.py", line 854, in _poll
    value = callback(transferred, key, ov)
            ^^^^^^^^^^^^^^^^^^^^^^^^^^^^^^
  File "C:\Users\richi\AppData\Roaming\uv\python\cpython-3.11-windows-x86_64-none\Lib\asyncio\windows_events.py", line 641, in finish_connect
    ov.getresult()
ConnectionRefusedError: [WinError 1225] The remote computer refused the network connection

ERROR:    Application startup failed. Exiting.
WARNING:  WatchFiles detected changes in 'src\curriculum\lesson_review\issue_projection.py'. Reloading...
C:\Projects\lectio\apps\textbook-agent\backend\src\contracts\generation_manifest.py:6: UserWarning: Field name "schema" in "GenerationFieldContract" shadows an attribute in parent "BaseModel"
  class GenerationFieldContract(BaseModel):
INFO:     Started server process [14816]
INFO:     Waiting for application startup.
ERROR:    Traceback (most recent call last):
  File "C:\Projects\lectio\apps\textbook-agent\backend\.venv\Lib\site-packages\starlette\routing.py", line 638, in lifespan
    async with self.lifespan_context(app) as maybe_state:
  File "C:\Users\richi\AppData\Roaming\uv\python\cpython-3.11-windows-x86_64-none\Lib\contextlib.py", line 210, in __aenter__
    return await anext(self.gen)
           ^^^^^^^^^^^^^^^^^^^^^
  File "C:\Projects\lectio\apps\textbook-agent\backend\.venv\Lib\site-packages\fastapi\routing.py", line 240, in merged_lifespan
    async with original_context(app) as maybe_original_state:
  File "C:\Users\richi\AppData\Roaming\uv\python\cpython-3.11-windows-x86_64-none\Lib\contextlib.py", line 210, in __aenter__
    return await anext(self.gen)
           ^^^^^^^^^^^^^^^^^^^^^
  File "C:\Projects\lectio\apps\textbook-agent\backend\.venv\Lib\site-packages\fastapi\routing.py", line 240, in merged_lifespan
    async with original_context(app) as maybe_original_state:
  File "C:\Users\richi\AppData\Roaming\uv\python\cpython-3.11-windows-x86_64-none\Lib\contextlib.py", line 210, in __aenter__
    return await anext(self.gen)
           ^^^^^^^^^^^^^^^^^^^^^
  File "C:\Projects\lectio\apps\textbook-agent\backend\.venv\Lib\site-packages\fastapi\routing.py", line 240, in merged_lifespan
    async with original_context(app) as maybe_original_state:
  File "C:\Users\richi\AppData\Roaming\uv\python\cpython-3.11-windows-x86_64-none\Lib\contextlib.py", line 210, in __aenter__
    return await anext(self.gen)
           ^^^^^^^^^^^^^^^^^^^^^
  File "C:\Projects\lectio\apps\textbook-agent\backend\.venv\Lib\site-packages\fastapi\routing.py", line 240, in merged_lifespan
    async with original_context(app) as maybe_original_state:
  File "C:\Users\richi\AppData\Roaming\uv\python\cpython-3.11-windows-x86_64-none\Lib\contextlib.py", line 210, in __aenter__
    return await anext(self.gen)
           ^^^^^^^^^^^^^^^^^^^^^
  File "C:\Projects\lectio\apps\textbook-agent\backend\.venv\Lib\site-packages\fastapi\routing.py", line 240, in merged_lifespan
    async with original_context(app) as maybe_original_state:
  File "C:\Users\richi\AppData\Roaming\uv\python\cpython-3.11-windows-x86_64-none\Lib\contextlib.py", line 210, in __aenter__
    return await anext(self.gen)
           ^^^^^^^^^^^^^^^^^^^^^
  File "C:\Projects\lectio\apps\textbook-agent\backend\.venv\Lib\site-packages\fastapi\routing.py", line 240, in merged_lifespan
    async with original_context(app) as maybe_original_state:
  File "C:\Users\richi\AppData\Roaming\uv\python\cpython-3.11-windows-x86_64-none\Lib\contextlib.py", line 210, in __aenter__
    return await anext(self.gen)
           ^^^^^^^^^^^^^^^^^^^^^
  File "C:\Projects\lectio\apps\textbook-agent\backend\.venv\Lib\site-packages\fastapi\routing.py", line 240, in merged_lifespan
    async with original_context(app) as maybe_original_state:
  File "C:\Users\richi\AppData\Roaming\uv\python\cpython-3.11-windows-x86_64-none\Lib\contextlib.py", line 210, in __aenter__
    return await anext(self.gen)
           ^^^^^^^^^^^^^^^^^^^^^
  File "C:\Projects\lectio\apps\textbook-agent\backend\.venv\Lib\site-packages\fastapi\routing.py", line 240, in merged_lifespan
    async with original_context(app) as maybe_original_state:
  File "C:\Users\richi\AppData\Roaming\uv\python\cpython-3.11-windows-x86_64-none\Lib\contextlib.py", line 210, in __aenter__
    return await anext(self.gen)
           ^^^^^^^^^^^^^^^^^^^^^
  File "C:\Projects\lectio\apps\textbook-agent\backend\.venv\Lib\site-packages\fastapi\routing.py", line 240, in merged_lifespan
    async with original_context(app) as maybe_original_state:
  File "C:\Users\richi\AppData\Roaming\uv\python\cpython-3.11-windows-x86_64-none\Lib\contextlib.py", line 210, in __aenter__
    return await anext(self.gen)
           ^^^^^^^^^^^^^^^^^^^^^
  File "C:\Projects\lectio\apps\textbook-agent\backend\.venv\Lib\site-packages\fastapi\routing.py", line 240, in merged_lifespan
    async with original_context(app) as maybe_original_state:
  File "C:\Users\richi\AppData\Roaming\uv\python\cpython-3.11-windows-x86_64-none\Lib\contextlib.py", line 210, in __aenter__
    return await anext(self.gen)
           ^^^^^^^^^^^^^^^^^^^^^
  File "C:\Projects\lectio\apps\textbook-agent\backend\.venv\Lib\site-packages\fastapi\routing.py", line 240, in merged_lifespan
    async with original_context(app) as maybe_original_state:
  File "C:\Users\richi\AppData\Roaming\uv\python\cpython-3.11-windows-x86_64-none\Lib\contextlib.py", line 210, in __aenter__
    return await anext(self.gen)
           ^^^^^^^^^^^^^^^^^^^^^
  File "C:\Projects\lectio\apps\textbook-agent\backend\.venv\Lib\site-packages\fastapi\routing.py", line 240, in merged_lifespan
    async with original_context(app) as maybe_original_state:
  File "C:\Users\richi\AppData\Roaming\uv\python\cpython-3.11-windows-x86_64-none\Lib\contextlib.py", line 210, in __aenter__
    return await anext(self.gen)
           ^^^^^^^^^^^^^^^^^^^^^
  File "C:\Projects\lectio\apps\textbook-agent\backend\.venv\Lib\site-packages\fastapi\routing.py", line 240, in merged_lifespan
    async with original_context(app) as maybe_original_state:
  File "C:\Users\richi\AppData\Roaming\uv\python\cpython-3.11-windows-x86_64-none\Lib\contextlib.py", line 210, in __aenter__
    return await anext(self.gen)
           ^^^^^^^^^^^^^^^^^^^^^
  File "C:\Projects\lectio\apps\textbook-agent\backend\.venv\Lib\site-packages\fastapi\routing.py", line 240, in merged_lifespan
    async with original_context(app) as maybe_original_state:
  File "C:\Users\richi\AppData\Roaming\uv\python\cpython-3.11-windows-x86_64-none\Lib\contextlib.py", line 210, in __aenter__
    return await anext(self.gen)
           ^^^^^^^^^^^^^^^^^^^^^
  File "C:\Projects\lectio\apps\textbook-agent\backend\.venv\Lib\site-packages\fastapi\routing.py", line 240, in merged_lifespan
    async with original_context(app) as maybe_original_state:
  File "C:\Users\richi\AppData\Roaming\uv\python\cpython-3.11-windows-x86_64-none\Lib\contextlib.py", line 210, in __aenter__
    return await anext(self.gen)
           ^^^^^^^^^^^^^^^^^^^^^
  File "C:\Projects\lectio\apps\textbook-agent\backend\.venv\Lib\site-packages\fastapi\routing.py", line 240, in merged_lifespan
    async with original_context(app) as maybe_original_state:
  File "C:\Users\richi\AppData\Roaming\uv\python\cpython-3.11-windows-x86_64-none\Lib\contextlib.py", line 210, in __aenter__
    return await anext(self.gen)
           ^^^^^^^^^^^^^^^^^^^^^
  File "C:\Projects\lectio\apps\textbook-agent\backend\src\app.py", line 231, in lifespan
    await asyncio.to_thread(upgrade_database)
  File "C:\Users\richi\AppData\Roaming\uv\python\cpython-3.11-windows-x86_64-none\Lib\asyncio\threads.py", line 25, in to_thread
    return await loop.run_in_executor(None, func_call)
           ^^^^^^^^^^^^^^^^^^^^^^^^^^^^^^^^^^^^^^^^^^^
  File "C:\Users\richi\AppData\Roaming\uv\python\cpython-3.11-windows-x86_64-none\Lib\concurrent\futures\thread.py", line 58, in run
    result = self.fn(*self.args, **self.kwargs)
             ^^^^^^^^^^^^^^^^^^^^^^^^^^^^^^^^^^
  File "C:\Projects\lectio\apps\textbook-agent\backend\src\infra\database\migrations\runner.py", line 43, in upgrade_database
    command.upgrade(_alembic_config(), revision)
  File "C:\Projects\lectio\apps\textbook-agent\backend\.venv\Lib\site-packages\alembic\command.py", line 483, in upgrade
    script.run_env()
  File "C:\Projects\lectio\apps\textbook-agent\backend\.venv\Lib\site-packages\alembic\script\base.py", line 545, in run_env
    util.load_python_file(self.dir, "env.py")
  File "C:\Projects\lectio\apps\textbook-agent\backend\.venv\Lib\site-packages\alembic\util\pyfiles.py", line 116, in load_python_file
    module = load_module_py(module_id, path)
             ^^^^^^^^^^^^^^^^^^^^^^^^^^^^^^^
  File "C:\Projects\lectio\apps\textbook-agent\backend\.venv\Lib\site-packages\alembic\util\pyfiles.py", line 136, in load_module_py
    spec.loader.exec_module(module)  # type: ignore
    ^^^^^^^^^^^^^^^^^^^^^^^^^^^^^^^
  File "<frozen importlib._bootstrap_external>", line 940, in exec_module
  File "<frozen importlib._bootstrap>", line 241, in _call_with_frames_removed
  File "C:\Projects\lectio\apps\textbook-agent\backend\src\infra\database\migrations\env.py", line 69, in <module>
    asyncio.run(run_migrations_online())
  File "C:\Users\richi\AppData\Roaming\uv\python\cpython-3.11-windows-x86_64-none\Lib\asyncio\runners.py", line 190, in run
    return runner.run(main)
           ^^^^^^^^^^^^^^^^
  File "C:\Users\richi\AppData\Roaming\uv\python\cpython-3.11-windows-x86_64-none\Lib\asyncio\runners.py", line 118, in run
    return self._loop.run_until_complete(task)
           ^^^^^^^^^^^^^^^^^^^^^^^^^^^^^^^^^^^
  File "C:\Users\richi\AppData\Roaming\uv\python\cpython-3.11-windows-x86_64-none\Lib\asyncio\base_events.py", line 654, in run_until_complete
    return future.result()
           ^^^^^^^^^^^^^^^
  File "C:\Projects\lectio\apps\textbook-agent\backend\src\infra\database\migrations\env.py", line 60, in run_migrations_online
    async with connectable.connect() as connection:
  File "C:\Projects\lectio\apps\textbook-agent\backend\.venv\Lib\site-packages\sqlalchemy\ext\asyncio\base.py", line 121, in __aenter__
    return await self.start(is_ctxmanager=True)
           ^^^^^^^^^^^^^^^^^^^^^^^^^^^^^^^^^^^^
  File "C:\Projects\lectio\apps\textbook-agent\backend\.venv\Lib\site-packages\sqlalchemy\ext\asyncio\engine.py", line 275, in start
    await greenlet_spawn(self.sync_engine.connect)
  File "C:\Projects\lectio\apps\textbook-agent\backend\.venv\Lib\site-packages\sqlalchemy\util\_concurrency_py3k.py", line 201, in greenlet_spawn
    result = context.throw(*sys.exc_info())
             ^^^^^^^^^^^^^^^^^^^^^^^^^^^^^^
  File "C:\Projects\lectio\apps\textbook-agent\backend\.venv\Lib\site-packages\sqlalchemy\engine\base.py", line 3293, in connect
    return self._connection_cls(self)
           ^^^^^^^^^^^^^^^^^^^^^^^^^^
  File "C:\Projects\lectio\apps\textbook-agent\backend\.venv\Lib\site-packages\sqlalchemy\engine\base.py", line 143, in __init__
    self._dbapi_connection = engine.raw_connection()
                             ^^^^^^^^^^^^^^^^^^^^^^^
  File "C:\Projects\lectio\apps\textbook-agent\backend\.venv\Lib\site-packages\sqlalchemy\engine\base.py", line 3317, in raw_connection
    return self.pool.connect()
           ^^^^^^^^^^^^^^^^^^^
  File "C:\Projects\lectio\apps\textbook-agent\backend\.venv\Lib\site-packages\sqlalchemy\pool\base.py", line 448, in connect
    return _ConnectionFairy._checkout(self)
           ^^^^^^^^^^^^^^^^^^^^^^^^^^^^^^^^
  File "C:\Projects\lectio\apps\textbook-agent\backend\.venv\Lib\site-packages\sqlalchemy\pool\base.py", line 1272, in _checkout
    fairy = _ConnectionRecord.checkout(pool)
            ^^^^^^^^^^^^^^^^^^^^^^^^^^^^^^^^
  File "C:\Projects\lectio\apps\textbook-agent\backend\.venv\Lib\site-packages\sqlalchemy\pool\base.py", line 712, in checkout
    rec = pool._do_get()
          ^^^^^^^^^^^^^^
  File "C:\Projects\lectio\apps\textbook-agent\backend\.venv\Lib\site-packages\sqlalchemy\pool\impl.py", line 306, in _do_get
    return self._create_connection()
           ^^^^^^^^^^^^^^^^^^^^^^^^^
  File "C:\Projects\lectio\apps\textbook-agent\backend\.venv\Lib\site-packages\sqlalchemy\pool\base.py", line 389, in _create_connection
    return _ConnectionRecord(self)
           ^^^^^^^^^^^^^^^^^^^^^^^
  File "C:\Projects\lectio\apps\textbook-agent\backend\.venv\Lib\site-packages\sqlalchemy\pool\base.py", line 674, in __init__
    self.__connect()
  File "C:\Projects\lectio\apps\textbook-agent\backend\.venv\Lib\site-packages\sqlalchemy\pool\base.py", line 900, in __connect
    with util.safe_reraise():
  File "C:\Projects\lectio\apps\textbook-agent\backend\.venv\Lib\site-packages\sqlalchemy\util\langhelpers.py", line 121, in __exit__
    raise exc_value.with_traceback(exc_tb)
  File "C:\Projects\lectio\apps\textbook-agent\backend\.venv\Lib\site-packages\sqlalchemy\pool\base.py", line 896, in __connect
    self.dbapi_connection = connection = pool._invoke_creator(self)
                                         ^^^^^^^^^^^^^^^^^^^^^^^^^^
  File "C:\Projects\lectio\apps\textbook-agent\backend\.venv\Lib\site-packages\sqlalchemy\engine\create.py", line 667, in connect
    return dialect.connect(*cargs_tup, **cparams)
           ^^^^^^^^^^^^^^^^^^^^^^^^^^^^^^^^^^^^^^
  File "C:\Projects\lectio\apps\textbook-agent\backend\.venv\Lib\site-packages\sqlalchemy\engine\default.py", line 630, in connect
    return self.loaded_dbapi.connect(*cargs, **cparams)  # type: ignore[no-any-return]  # NOQA: E501
           ^^^^^^^^^^^^^^^^^^^^^^^^^^^^^^^^^^^^^^^^^^^^
  File "C:\Projects\lectio\apps\textbook-agent\backend\.venv\Lib\site-packages\sqlalchemy\dialects\postgresql\asyncpg.py", line 955, in connect
    await_only(creator_fn(*arg, **kw)),
    ^^^^^^^^^^^^^^^^^^^^^^^^^^^^^^^^^^
  File "C:\Projects\lectio\apps\textbook-agent\backend\.venv\Lib\site-packages\sqlalchemy\util\_concurrency_py3k.py", line 132, in await_only
    return current.parent.switch(awaitable)  # type: ignore[no-any-return,attr-defined] # noqa: E501
           ^^^^^^^^^^^^^^^^^^^^^^^^^^^^^^^^
  File "C:\Projects\lectio\apps\textbook-agent\backend\.venv\Lib\site-packages\sqlalchemy\util\_concurrency_py3k.py", line 196, in greenlet_spawn
    value = await result
            ^^^^^^^^^^^^
  File "C:\Projects\lectio\apps\textbook-agent\backend\.venv\Lib\site-packages\asyncpg\connection.py", line 2443, in connect
    return await connect_utils._connect(
           ^^^^^^^^^^^^^^^^^^^^^^^^^^^^^
  File "C:\Projects\lectio\apps\textbook-agent\backend\.venv\Lib\site-packages\asyncpg\connect_utils.py", line 1249, in _connect
    raise last_error or exceptions.TargetServerAttributeNotMatched(
  File "C:\Projects\lectio\apps\textbook-agent\backend\.venv\Lib\site-packages\asyncpg\connect_utils.py", line 1218, in _connect
    conn = await _connect_addr(
           ^^^^^^^^^^^^^^^^^^^^
  File "C:\Projects\lectio\apps\textbook-agent\backend\.venv\Lib\site-packages\asyncpg\connect_utils.py", line 1054, in _connect_addr
    return await __connect_addr(params, True, *args)
           ^^^^^^^^^^^^^^^^^^^^^^^^^^^^^^^^^^^^^^^^^
  File "C:\Projects\lectio\apps\textbook-agent\backend\.venv\Lib\site-packages\asyncpg\connect_utils.py", line 1099, in __connect_addr
    tr, pr = await connector
             ^^^^^^^^^^^^^^^
  File "C:\Projects\lectio\apps\textbook-agent\backend\.venv\Lib\site-packages\asyncpg\connect_utils.py", line 969, in _create_ssl_connection
    tr, pr = await loop.create_connection(
             ^^^^^^^^^^^^^^^^^^^^^^^^^^^^^
  File "C:\Users\richi\AppData\Roaming\uv\python\cpython-3.11-windows-x86_64-none\Lib\asyncio\base_events.py", line 1086, in create_connection
    raise exceptions[0]
  File "C:\Users\richi\AppData\Roaming\uv\python\cpython-3.11-windows-x86_64-none\Lib\asyncio\base_events.py", line 1070, in create_connection
    sock = await self._connect_sock(
           ^^^^^^^^^^^^^^^^^^^^^^^^^
  File "C:\Users\richi\AppData\Roaming\uv\python\cpython-3.11-windows-x86_64-none\Lib\asyncio\base_events.py", line 974, in _connect_sock
    await self.sock_connect(sock, address)
  File "C:\Users\richi\AppData\Roaming\uv\python\cpython-3.11-windows-x86_64-none\Lib\asyncio\proactor_events.py", line 726, in sock_connect
    return await self._proactor.connect(sock, address)
           ^^^^^^^^^^^^^^^^^^^^^^^^^^^^^^^^^^^^^^^^^^^
  File "C:\Users\richi\AppData\Roaming\uv\python\cpython-3.11-windows-x86_64-none\Lib\asyncio\windows_events.py", line 854, in _poll
    value = callback(transferred, key, ov)
            ^^^^^^^^^^^^^^^^^^^^^^^^^^^^^^
  File "C:\Users\richi\AppData\Roaming\uv\python\cpython-3.11-windows-x86_64-none\Lib\asyncio\windows_events.py", line 641, in finish_connect
    ov.getresult()
ConnectionRefusedError: [WinError 1225] The remote computer refused the network connection

ERROR:    Application startup failed. Exiting.
WARNING:  WatchFiles detected changes in 'src\contracts\generated\lectio_page.py'. Reloading...
C:\Projects\lectio\apps\textbook-agent\backend\src\contracts\generation_manifest.py:6: UserWarning: Field name "schema" in "GenerationFieldContract" shadows an attribute in parent "BaseModel"
  class GenerationFieldContract(BaseModel):
INFO:     Started server process [872]
INFO:     Waiting for application startup.
ERROR:    Traceback (most recent call last):
  File "C:\Projects\lectio\apps\textbook-agent\backend\.venv\Lib\site-packages\starlette\routing.py", line 638, in lifespan
    async with self.lifespan_context(app) as maybe_state:
  File "C:\Users\richi\AppData\Roaming\uv\python\cpython-3.11-windows-x86_64-none\Lib\contextlib.py", line 210, in __aenter__
    return await anext(self.gen)
           ^^^^^^^^^^^^^^^^^^^^^
  File "C:\Projects\lectio\apps\textbook-agent\backend\.venv\Lib\site-packages\fastapi\routing.py", line 240, in merged_lifespan
    async with original_context(app) as maybe_original_state:
  File "C:\Users\richi\AppData\Roaming\uv\python\cpython-3.11-windows-x86_64-none\Lib\contextlib.py", line 210, in __aenter__
    return await anext(self.gen)
           ^^^^^^^^^^^^^^^^^^^^^
  File "C:\Projects\lectio\apps\textbook-agent\backend\.venv\Lib\site-packages\fastapi\routing.py", line 240, in merged_lifespan
    async with original_context(app) as maybe_original_state:
  File "C:\Users\richi\AppData\Roaming\uv\python\cpython-3.11-windows-x86_64-none\Lib\contextlib.py", line 210, in __aenter__
    return await anext(self.gen)
           ^^^^^^^^^^^^^^^^^^^^^
  File "C:\Projects\lectio\apps\textbook-agent\backend\.venv\Lib\site-packages\fastapi\routing.py", line 240, in merged_lifespan
    async with original_context(app) as maybe_original_state:
  File "C:\Users\richi\AppData\Roaming\uv\python\cpython-3.11-windows-x86_64-none\Lib\contextlib.py", line 210, in __aenter__
    return await anext(self.gen)
           ^^^^^^^^^^^^^^^^^^^^^
  File "C:\Projects\lectio\apps\textbook-agent\backend\.venv\Lib\site-packages\fastapi\routing.py", line 240, in merged_lifespan
    async with original_context(app) as maybe_original_state:
  File "C:\Users\richi\AppData\Roaming\uv\python\cpython-3.11-windows-x86_64-none\Lib\contextlib.py", line 210, in __aenter__
    return await anext(self.gen)
           ^^^^^^^^^^^^^^^^^^^^^
  File "C:\Projects\lectio\apps\textbook-agent\backend\.venv\Lib\site-packages\fastapi\routing.py", line 240, in merged_lifespan
    async with original_context(app) as maybe_original_state:
  File "C:\Users\richi\AppData\Roaming\uv\python\cpython-3.11-windows-x86_64-none\Lib\contextlib.py", line 210, in __aenter__
    return await anext(self.gen)
           ^^^^^^^^^^^^^^^^^^^^^
  File "C:\Projects\lectio\apps\textbook-agent\backend\.venv\Lib\site-packages\fastapi\routing.py", line 240, in merged_lifespan
    async with original_context(app) as maybe_original_state:
  File "C:\Users\richi\AppData\Roaming\uv\python\cpython-3.11-windows-x86_64-none\Lib\contextlib.py", line 210, in __aenter__
    return await anext(self.gen)
           ^^^^^^^^^^^^^^^^^^^^^
  File "C:\Projects\lectio\apps\textbook-agent\backend\.venv\Lib\site-packages\fastapi\routing.py", line 240, in merged_lifespan
    async with original_context(app) as maybe_original_state:
  File "C:\Users\richi\AppData\Roaming\uv\python\cpython-3.11-windows-x86_64-none\Lib\contextlib.py", line 210, in __aenter__
    return await anext(self.gen)
           ^^^^^^^^^^^^^^^^^^^^^
  File "C:\Projects\lectio\apps\textbook-agent\backend\.venv\Lib\site-packages\fastapi\routing.py", line 240, in merged_lifespan
    async with original_context(app) as maybe_original_state:
  File "C:\Users\richi\AppData\Roaming\uv\python\cpython-3.11-windows-x86_64-none\Lib\contextlib.py", line 210, in __aenter__
    return await anext(self.gen)
           ^^^^^^^^^^^^^^^^^^^^^
  File "C:\Projects\lectio\apps\textbook-agent\backend\.venv\Lib\site-packages\fastapi\routing.py", line 240, in merged_lifespan
    async with original_context(app) as maybe_original_state:
  File "C:\Users\richi\AppData\Roaming\uv\python\cpython-3.11-windows-x86_64-none\Lib\contextlib.py", line 210, in __aenter__
    return await anext(self.gen)
           ^^^^^^^^^^^^^^^^^^^^^
  File "C:\Projects\lectio\apps\textbook-agent\backend\.venv\Lib\site-packages\fastapi\routing.py", line 240, in merged_lifespan
    async with original_context(app) as maybe_original_state:
  File "C:\Users\richi\AppData\Roaming\uv\python\cpython-3.11-windows-x86_64-none\Lib\contextlib.py", line 210, in __aenter__
    return await anext(self.gen)
           ^^^^^^^^^^^^^^^^^^^^^
  File "C:\Projects\lectio\apps\textbook-agent\backend\.venv\Lib\site-packages\fastapi\routing.py", line 240, in merged_lifespan
    async with original_context(app) as maybe_original_state:
  File "C:\Users\richi\AppData\Roaming\uv\python\cpython-3.11-windows-x86_64-none\Lib\contextlib.py", line 210, in __aenter__
    return await anext(self.gen)
           ^^^^^^^^^^^^^^^^^^^^^
  File "C:\Projects\lectio\apps\textbook-agent\backend\.venv\Lib\site-packages\fastapi\routing.py", line 240, in merged_lifespan
    async with original_context(app) as maybe_original_state:
  File "C:\Users\richi\AppData\Roaming\uv\python\cpython-3.11-windows-x86_64-none\Lib\contextlib.py", line 210, in __aenter__
    return await anext(self.gen)
           ^^^^^^^^^^^^^^^^^^^^^
  File "C:\Projects\lectio\apps\textbook-agent\backend\.venv\Lib\site-packages\fastapi\routing.py", line 240, in merged_lifespan
    async with original_context(app) as maybe_original_state:
  File "C:\Users\richi\AppData\Roaming\uv\python\cpython-3.11-windows-x86_64-none\Lib\contextlib.py", line 210, in __aenter__
    return await anext(self.gen)
           ^^^^^^^^^^^^^^^^^^^^^
  File "C:\Projects\lectio\apps\textbook-agent\backend\.venv\Lib\site-packages\fastapi\routing.py", line 240, in merged_lifespan
    async with original_context(app) as maybe_original_state:
  File "C:\Users\richi\AppData\Roaming\uv\python\cpython-3.11-windows-x86_64-none\Lib\contextlib.py", line 210, in __aenter__
    return await anext(self.gen)
           ^^^^^^^^^^^^^^^^^^^^^
  File "C:\Projects\lectio\apps\textbook-agent\backend\.venv\Lib\site-packages\fastapi\routing.py", line 240, in merged_lifespan
    async with original_context(app) as maybe_original_state:
  File "C:\Users\richi\AppData\Roaming\uv\python\cpython-3.11-windows-x86_64-none\Lib\contextlib.py", line 210, in __aenter__
    return await anext(self.gen)
           ^^^^^^^^^^^^^^^^^^^^^
  File "C:\Projects\lectio\apps\textbook-agent\backend\.venv\Lib\site-packages\fastapi\routing.py", line 240, in merged_lifespan
    async with original_context(app) as maybe_original_state:
  File "C:\Users\richi\AppData\Roaming\uv\python\cpython-3.11-windows-x86_64-none\Lib\contextlib.py", line 210, in __aenter__
    return await anext(self.gen)
           ^^^^^^^^^^^^^^^^^^^^^
  File "C:\Projects\lectio\apps\textbook-agent\backend\src\app.py", line 231, in lifespan
    await asyncio.to_thread(upgrade_database)
  File "C:\Users\richi\AppData\Roaming\uv\python\cpython-3.11-windows-x86_64-none\Lib\asyncio\threads.py", line 25, in to_thread
    return await loop.run_in_executor(None, func_call)
           ^^^^^^^^^^^^^^^^^^^^^^^^^^^^^^^^^^^^^^^^^^^
  File "C:\Users\richi\AppData\Roaming\uv\python\cpython-3.11-windows-x86_64-none\Lib\concurrent\futures\thread.py", line 58, in run
    result = self.fn(*self.args, **self.kwargs)
             ^^^^^^^^^^^^^^^^^^^^^^^^^^^^^^^^^^
  File "C:\Projects\lectio\apps\textbook-agent\backend\src\infra\database\migrations\runner.py", line 43, in upgrade_database
    command.upgrade(_alembic_config(), revision)
  File "C:\Projects\lectio\apps\textbook-agent\backend\.venv\Lib\site-packages\alembic\command.py", line 483, in upgrade
    script.run_env()
  File "C:\Projects\lectio\apps\textbook-agent\backend\.venv\Lib\site-packages\alembic\script\base.py", line 545, in run_env
    util.load_python_file(self.dir, "env.py")
  File "C:\Projects\lectio\apps\textbook-agent\backend\.venv\Lib\site-packages\alembic\util\pyfiles.py", line 116, in load_python_file
    module = load_module_py(module_id, path)
             ^^^^^^^^^^^^^^^^^^^^^^^^^^^^^^^
  File "C:\Projects\lectio\apps\textbook-agent\backend\.venv\Lib\site-packages\alembic\util\pyfiles.py", line 136, in load_module_py
    spec.loader.exec_module(module)  # type: ignore
    ^^^^^^^^^^^^^^^^^^^^^^^^^^^^^^^
  File "<frozen importlib._bootstrap_external>", line 940, in exec_module
  File "<frozen importlib._bootstrap>", line 241, in _call_with_frames_removed
  File "C:\Projects\lectio\apps\textbook-agent\backend\src\infra\database\migrations\env.py", line 69, in <module>
    asyncio.run(run_migrations_online())
  File "C:\Users\richi\AppData\Roaming\uv\python\cpython-3.11-windows-x86_64-none\Lib\asyncio\runners.py", line 190, in run
    return runner.run(main)
           ^^^^^^^^^^^^^^^^
  File "C:\Users\richi\AppData\Roaming\uv\python\cpython-3.11-windows-x86_64-none\Lib\asyncio\runners.py", line 118, in run
    return self._loop.run_until_complete(task)
           ^^^^^^^^^^^^^^^^^^^^^^^^^^^^^^^^^^^
  File "C:\Users\richi\AppData\Roaming\uv\python\cpython-3.11-windows-x86_64-none\Lib\asyncio\base_events.py", line 654, in run_until_complete
    return future.result()
           ^^^^^^^^^^^^^^^
  File "C:\Projects\lectio\apps\textbook-agent\backend\src\infra\database\migrations\env.py", line 60, in run_migrations_online
    async with connectable.connect() as connection:
  File "C:\Projects\lectio\apps\textbook-agent\backend\.venv\Lib\site-packages\sqlalchemy\ext\asyncio\base.py", line 121, in __aenter__
    return await self.start(is_ctxmanager=True)
           ^^^^^^^^^^^^^^^^^^^^^^^^^^^^^^^^^^^^
  File "C:\Projects\lectio\apps\textbook-agent\backend\.venv\Lib\site-packages\sqlalchemy\ext\asyncio\engine.py", line 275, in start
    await greenlet_spawn(self.sync_engine.connect)
  File "C:\Projects\lectio\apps\textbook-agent\backend\.venv\Lib\site-packages\sqlalchemy\util\_concurrency_py3k.py", line 201, in greenlet_spawn
    result = context.throw(*sys.exc_info())
             ^^^^^^^^^^^^^^^^^^^^^^^^^^^^^^
  File "C:\Projects\lectio\apps\textbook-agent\backend\.venv\Lib\site-packages\sqlalchemy\engine\base.py", line 3293, in connect
    return self._connection_cls(self)
           ^^^^^^^^^^^^^^^^^^^^^^^^^^
  File "C:\Projects\lectio\apps\textbook-agent\backend\.venv\Lib\site-packages\sqlalchemy\engine\base.py", line 143, in __init__
    self._dbapi_connection = engine.raw_connection()
                             ^^^^^^^^^^^^^^^^^^^^^^^
  File "C:\Projects\lectio\apps\textbook-agent\backend\.venv\Lib\site-packages\sqlalchemy\engine\base.py", line 3317, in raw_connection
    return self.pool.connect()
           ^^^^^^^^^^^^^^^^^^^
  File "C:\Projects\lectio\apps\textbook-agent\backend\.venv\Lib\site-packages\sqlalchemy\pool\base.py", line 448, in connect
    return _ConnectionFairy._checkout(self)
           ^^^^^^^^^^^^^^^^^^^^^^^^^^^^^^^^
  File "C:\Projects\lectio\apps\textbook-agent\backend\.venv\Lib\site-packages\sqlalchemy\pool\base.py", line 1272, in _checkout
    fairy = _ConnectionRecord.checkout(pool)
            ^^^^^^^^^^^^^^^^^^^^^^^^^^^^^^^^
  File "C:\Projects\lectio\apps\textbook-agent\backend\.venv\Lib\site-packages\sqlalchemy\pool\base.py", line 712, in checkout
    rec = pool._do_get()
          ^^^^^^^^^^^^^^
  File "C:\Projects\lectio\apps\textbook-agent\backend\.venv\Lib\site-packages\sqlalchemy\pool\impl.py", line 306, in _do_get
    return self._create_connection()
           ^^^^^^^^^^^^^^^^^^^^^^^^^
  File "C:\Projects\lectio\apps\textbook-agent\backend\.venv\Lib\site-packages\sqlalchemy\pool\base.py", line 389, in _create_connection
    return _ConnectionRecord(self)
           ^^^^^^^^^^^^^^^^^^^^^^^
  File "C:\Projects\lectio\apps\textbook-agent\backend\.venv\Lib\site-packages\sqlalchemy\pool\base.py", line 674, in __init__
    self.__connect()
  File "C:\Projects\lectio\apps\textbook-agent\backend\.venv\Lib\site-packages\sqlalchemy\pool\base.py", line 900, in __connect
    with util.safe_reraise():
  File "C:\Projects\lectio\apps\textbook-agent\backend\.venv\Lib\site-packages\sqlalchemy\util\langhelpers.py", line 121, in __exit__
    raise exc_value.with_traceback(exc_tb)
  File "C:\Projects\lectio\apps\textbook-agent\backend\.venv\Lib\site-packages\sqlalchemy\pool\base.py", line 896, in __connect
    self.dbapi_connection = connection = pool._invoke_creator(self)
                                         ^^^^^^^^^^^^^^^^^^^^^^^^^^
  File "C:\Projects\lectio\apps\textbook-agent\backend\.venv\Lib\site-packages\sqlalchemy\engine\create.py", line 667, in connect
    return dialect.connect(*cargs_tup, **cparams)
           ^^^^^^^^^^^^^^^^^^^^^^^^^^^^^^^^^^^^^^
  File "C:\Projects\lectio\apps\textbook-agent\backend\.venv\Lib\site-packages\sqlalchemy\engine\default.py", line 630, in connect
    return self.loaded_dbapi.connect(*cargs, **cparams)  # type: ignore[no-any-return]  # NOQA: E501
           ^^^^^^^^^^^^^^^^^^^^^^^^^^^^^^^^^^^^^^^^^^^^
  File "C:\Projects\lectio\apps\textbook-agent\backend\.venv\Lib\site-packages\sqlalchemy\dialects\postgresql\asyncpg.py", line 955, in connect
    await_only(creator_fn(*arg, **kw)),
    ^^^^^^^^^^^^^^^^^^^^^^^^^^^^^^^^^^
  File "C:\Projects\lectio\apps\textbook-agent\backend\.venv\Lib\site-packages\sqlalchemy\util\_concurrency_py3k.py", line 132, in await_only
    return current.parent.switch(awaitable)  # type: ignore[no-any-return,attr-defined] # noqa: E501
           ^^^^^^^^^^^^^^^^^^^^^^^^^^^^^^^^
  File "C:\Projects\lectio\apps\textbook-agent\backend\.venv\Lib\site-packages\sqlalchemy\util\_concurrency_py3k.py", line 196, in greenlet_spawn
    value = await result
            ^^^^^^^^^^^^
  File "C:\Projects\lectio\apps\textbook-agent\backend\.venv\Lib\site-packages\asyncpg\connection.py", line 2443, in connect
    return await connect_utils._connect(
           ^^^^^^^^^^^^^^^^^^^^^^^^^^^^^
  File "C:\Projects\lectio\apps\textbook-agent\backend\.venv\Lib\site-packages\asyncpg\connect_utils.py", line 1249, in _connect
    raise last_error or exceptions.TargetServerAttributeNotMatched(
  File "C:\Projects\lectio\apps\textbook-agent\backend\.venv\Lib\site-packages\asyncpg\connect_utils.py", line 1218, in _connect
    conn = await _connect_addr(
           ^^^^^^^^^^^^^^^^^^^^
  File "C:\Projects\lectio\apps\textbook-agent\backend\.venv\Lib\site-packages\asyncpg\connect_utils.py", line 1054, in _connect_addr
    return await __connect_addr(params, True, *args)
           ^^^^^^^^^^^^^^^^^^^^^^^^^^^^^^^^^^^^^^^^^
  File "C:\Projects\lectio\apps\textbook-agent\backend\.venv\Lib\site-packages\asyncpg\connect_utils.py", line 1099, in __connect_addr
    tr, pr = await connector
             ^^^^^^^^^^^^^^^
  File "C:\Projects\lectio\apps\textbook-agent\backend\.venv\Lib\site-packages\asyncpg\connect_utils.py", line 969, in _create_ssl_connection
    tr, pr = await loop.create_connection(
             ^^^^^^^^^^^^^^^^^^^^^^^^^^^^^
  File "C:\Users\richi\AppData\Roaming\uv\python\cpython-3.11-windows-x86_64-none\Lib\asyncio\base_events.py", line 1086, in create_connection
    raise exceptions[0]
  File "C:\Users\richi\AppData\Roaming\uv\python\cpython-3.11-windows-x86_64-none\Lib\asyncio\base_events.py", line 1070, in create_connection
    sock = await self._connect_sock(
           ^^^^^^^^^^^^^^^^^^^^^^^^^
  File "C:\Users\richi\AppData\Roaming\uv\python\cpython-3.11-windows-x86_64-none\Lib\asyncio\base_events.py", line 974, in _connect_sock
    await self.sock_connect(sock, address)
  File "C:\Users\richi\AppData\Roaming\uv\python\cpython-3.11-windows-x86_64-none\Lib\asyncio\proactor_events.py", line 726, in sock_connect
    return await self._proactor.connect(sock, address)
           ^^^^^^^^^^^^^^^^^^^^^^^^^^^^^^^^^^^^^^^^^^^
  File "C:\Users\richi\AppData\Roaming\uv\python\cpython-3.11-windows-x86_64-none\Lib\asyncio\windows_events.py", line 854, in _poll
    value = callback(transferred, key, ov)
            ^^^^^^^^^^^^^^^^^^^^^^^^^^^^^^
  File "C:\Users\richi\AppData\Roaming\uv\python\cpython-3.11-windows-x86_64-none\Lib\asyncio\windows_events.py", line 641, in finish_connect
    ov.getresult()
ConnectionRefusedError: [WinError 1225] The remote computer refused the network connection

ERROR:    Application startup failed. Exiting.
WARNING:  WatchFiles detected changes in 'src\curriculum\prompts.py', 'tests\planning\test_prompt_resources.py'. Reloading...
C:\Projects\lectio\apps\textbook-agent\backend\src\contracts\generation_manifest.py:6: UserWarning: Field name "schema" in "GenerationFieldContract" shadows an attribute in parent "BaseModel"
  class GenerationFieldContract(BaseModel):
INFO:     Started server process [31340]
INFO:     Waiting for application startup.
ERROR:    Traceback (most recent call last):
  File "C:\Projects\lectio\apps\textbook-agent\backend\.venv\Lib\site-packages\starlette\routing.py", line 638, in lifespan
    async with self.lifespan_context(app) as maybe_state:
  File "C:\Users\richi\AppData\Roaming\uv\python\cpython-3.11-windows-x86_64-none\Lib\contextlib.py", line 210, in __aenter__
    return await anext(self.gen)
           ^^^^^^^^^^^^^^^^^^^^^
  File "C:\Projects\lectio\apps\textbook-agent\backend\.venv\Lib\site-packages\fastapi\routing.py", line 240, in merged_lifespan
    async with original_context(app) as maybe_original_state:
  File "C:\Users\richi\AppData\Roaming\uv\python\cpython-3.11-windows-x86_64-none\Lib\contextlib.py", line 210, in __aenter__
    return await anext(self.gen)
           ^^^^^^^^^^^^^^^^^^^^^
  File "C:\Projects\lectio\apps\textbook-agent\backend\.venv\Lib\site-packages\fastapi\routing.py", line 240, in merged_lifespan
    async with original_context(app) as maybe_original_state:
  File "C:\Users\richi\AppData\Roaming\uv\python\cpython-3.11-windows-x86_64-none\Lib\contextlib.py", line 210, in __aenter__
    return await anext(self.gen)
           ^^^^^^^^^^^^^^^^^^^^^
  File "C:\Projects\lectio\apps\textbook-agent\backend\.venv\Lib\site-packages\fastapi\routing.py", line 240, in merged_lifespan
    async with original_context(app) as maybe_original_state:
  File "C:\Users\richi\AppData\Roaming\uv\python\cpython-3.11-windows-x86_64-none\Lib\contextlib.py", line 210, in __aenter__
    return await anext(self.gen)
           ^^^^^^^^^^^^^^^^^^^^^
  File "C:\Projects\lectio\apps\textbook-agent\backend\.venv\Lib\site-packages\fastapi\routing.py", line 240, in merged_lifespan
    async with original_context(app) as maybe_original_state:
  File "C:\Users\richi\AppData\Roaming\uv\python\cpython-3.11-windows-x86_64-none\Lib\contextlib.py", line 210, in __aenter__
    return await anext(self.gen)
           ^^^^^^^^^^^^^^^^^^^^^
  File "C:\Projects\lectio\apps\textbook-agent\backend\.venv\Lib\site-packages\fastapi\routing.py", line 240, in merged_lifespan
    async with original_context(app) as maybe_original_state:
  File "C:\Users\richi\AppData\Roaming\uv\python\cpython-3.11-windows-x86_64-none\Lib\contextlib.py", line 210, in __aenter__
    return await anext(self.gen)
           ^^^^^^^^^^^^^^^^^^^^^
  File "C:\Projects\lectio\apps\textbook-agent\backend\.venv\Lib\site-packages\fastapi\routing.py", line 240, in merged_lifespan
    async with original_context(app) as maybe_original_state:
  File "C:\Users\richi\AppData\Roaming\uv\python\cpython-3.11-windows-x86_64-none\Lib\contextlib.py", line 210, in __aenter__
    return await anext(self.gen)
           ^^^^^^^^^^^^^^^^^^^^^
  File "C:\Projects\lectio\apps\textbook-agent\backend\.venv\Lib\site-packages\fastapi\routing.py", line 240, in merged_lifespan
    async with original_context(app) as maybe_original_state:
  File "C:\Users\richi\AppData\Roaming\uv\python\cpython-3.11-windows-x86_64-none\Lib\contextlib.py", line 210, in __aenter__
    return await anext(self.gen)
           ^^^^^^^^^^^^^^^^^^^^^
  File "C:\Projects\lectio\apps\textbook-agent\backend\.venv\Lib\site-packages\fastapi\routing.py", line 240, in merged_lifespan
    async with original_context(app) as maybe_original_state:
  File "C:\Users\richi\AppData\Roaming\uv\python\cpython-3.11-windows-x86_64-none\Lib\contextlib.py", line 210, in __aenter__
    return await anext(self.gen)
           ^^^^^^^^^^^^^^^^^^^^^
  File "C:\Projects\lectio\apps\textbook-agent\backend\.venv\Lib\site-packages\fastapi\routing.py", line 240, in merged_lifespan
    async with original_context(app) as maybe_original_state:
  File "C:\Users\richi\AppData\Roaming\uv\python\cpython-3.11-windows-x86_64-none\Lib\contextlib.py", line 210, in __aenter__
    return await anext(self.gen)
           ^^^^^^^^^^^^^^^^^^^^^
  File "C:\Projects\lectio\apps\textbook-agent\backend\.venv\Lib\site-packages\fastapi\routing.py", line 240, in merged_lifespan
    async with original_context(app) as maybe_original_state:
  File "C:\Users\richi\AppData\Roaming\uv\python\cpython-3.11-windows-x86_64-none\Lib\contextlib.py", line 210, in __aenter__
    return await anext(self.gen)
           ^^^^^^^^^^^^^^^^^^^^^
  File "C:\Projects\lectio\apps\textbook-agent\backend\.venv\Lib\site-packages\fastapi\routing.py", line 240, in merged_lifespan
    async with original_context(app) as maybe_original_state:
  File "C:\Users\richi\AppData\Roaming\uv\python\cpython-3.11-windows-x86_64-none\Lib\contextlib.py", line 210, in __aenter__
    return await anext(self.gen)
           ^^^^^^^^^^^^^^^^^^^^^
  File "C:\Projects\lectio\apps\textbook-agent\backend\.venv\Lib\site-packages\fastapi\routing.py", line 240, in merged_lifespan
    async with original_context(app) as maybe_original_state:
  File "C:\Users\richi\AppData\Roaming\uv\python\cpython-3.11-windows-x86_64-none\Lib\contextlib.py", line 210, in __aenter__
    return await anext(self.gen)
           ^^^^^^^^^^^^^^^^^^^^^
  File "C:\Projects\lectio\apps\textbook-agent\backend\.venv\Lib\site-packages\fastapi\routing.py", line 240, in merged_lifespan
    async with original_context(app) as maybe_original_state:
  File "C:\Users\richi\AppData\Roaming\uv\python\cpython-3.11-windows-x86_64-none\Lib\contextlib.py", line 210, in __aenter__
    return await anext(self.gen)
           ^^^^^^^^^^^^^^^^^^^^^
  File "C:\Projects\lectio\apps\textbook-agent\backend\.venv\Lib\site-packages\fastapi\routing.py", line 240, in merged_lifespan
    async with original_context(app) as maybe_original_state:
  File "C:\Users\richi\AppData\Roaming\uv\python\cpython-3.11-windows-x86_64-none\Lib\contextlib.py", line 210, in __aenter__
    return await anext(self.gen)
           ^^^^^^^^^^^^^^^^^^^^^
  File "C:\Projects\lectio\apps\textbook-agent\backend\.venv\Lib\site-packages\fastapi\routing.py", line 240, in merged_lifespan
    async with original_context(app) as maybe_original_state:
  File "C:\Users\richi\AppData\Roaming\uv\python\cpython-3.11-windows-x86_64-none\Lib\contextlib.py", line 210, in __aenter__
    return await anext(self.gen)
           ^^^^^^^^^^^^^^^^^^^^^
  File "C:\Projects\lectio\apps\textbook-agent\backend\.venv\Lib\site-packages\fastapi\routing.py", line 240, in merged_lifespan
    async with original_context(app) as maybe_original_state:
  File "C:\Users\richi\AppData\Roaming\uv\python\cpython-3.11-windows-x86_64-none\Lib\contextlib.py", line 210, in __aenter__
    return await anext(self.gen)
           ^^^^^^^^^^^^^^^^^^^^^
  File "C:\Projects\lectio\apps\textbook-agent\backend\src\app.py", line 231, in lifespan
    await asyncio.to_thread(upgrade_database)
  File "C:\Users\richi\AppData\Roaming\uv\python\cpython-3.11-windows-x86_64-none\Lib\asyncio\threads.py", line 25, in to_thread
    return await loop.run_in_executor(None, func_call)
           ^^^^^^^^^^^^^^^^^^^^^^^^^^^^^^^^^^^^^^^^^^^
  File "C:\Users\richi\AppData\Roaming\uv\python\cpython-3.11-windows-x86_64-none\Lib\concurrent\futures\thread.py", line 58, in run
    result = self.fn(*self.args, **self.kwargs)
             ^^^^^^^^^^^^^^^^^^^^^^^^^^^^^^^^^^
  File "C:\Projects\lectio\apps\textbook-agent\backend\src\infra\database\migrations\runner.py", line 43, in upgrade_database
    command.upgrade(_alembic_config(), revision)
  File "C:\Projects\lectio\apps\textbook-agent\backend\.venv\Lib\site-packages\alembic\command.py", line 483, in upgrade
    script.run_env()
  File "C:\Projects\lectio\apps\textbook-agent\backend\.venv\Lib\site-packages\alembic\script\base.py", line 545, in run_env
    util.load_python_file(self.dir, "env.py")
  File "C:\Projects\lectio\apps\textbook-agent\backend\.venv\Lib\site-packages\alembic\util\pyfiles.py", line 116, in load_python_file
    module = load_module_py(module_id, path)
             ^^^^^^^^^^^^^^^^^^^^^^^^^^^^^^^
  File "C:\Projects\lectio\apps\textbook-agent\backend\.venv\Lib\site-packages\alembic\util\pyfiles.py", line 136, in load_module_py
    spec.loader.exec_module(module)  # type: ignore
    ^^^^^^^^^^^^^^^^^^^^^^^^^^^^^^^
  File "<frozen importlib._bootstrap_external>", line 940, in exec_module
  File "<frozen importlib._bootstrap>", line 241, in _call_with_frames_removed
  File "C:\Projects\lectio\apps\textbook-agent\backend\src\infra\database\migrations\env.py", line 69, in <module>
    asyncio.run(run_migrations_online())
  File "C:\Users\richi\AppData\Roaming\uv\python\cpython-3.11-windows-x86_64-none\Lib\asyncio\runners.py", line 190, in run
    return runner.run(main)
           ^^^^^^^^^^^^^^^^
  File "C:\Users\richi\AppData\Roaming\uv\python\cpython-3.11-windows-x86_64-none\Lib\asyncio\runners.py", line 118, in run
    return self._loop.run_until_complete(task)
           ^^^^^^^^^^^^^^^^^^^^^^^^^^^^^^^^^^^
  File "C:\Users\richi\AppData\Roaming\uv\python\cpython-3.11-windows-x86_64-none\Lib\asyncio\base_events.py", line 654, in run_until_complete
    return future.result()
           ^^^^^^^^^^^^^^^
  File "C:\Projects\lectio\apps\textbook-agent\backend\src\infra\database\migrations\env.py", line 60, in run_migrations_online
    async with connectable.connect() as connection:
  File "C:\Projects\lectio\apps\textbook-agent\backend\.venv\Lib\site-packages\sqlalchemy\ext\asyncio\base.py", line 121, in __aenter__
    return await self.start(is_ctxmanager=True)
           ^^^^^^^^^^^^^^^^^^^^^^^^^^^^^^^^^^^^
  File "C:\Projects\lectio\apps\textbook-agent\backend\.venv\Lib\site-packages\sqlalchemy\ext\asyncio\engine.py", line 275, in start
    await greenlet_spawn(self.sync_engine.connect)
  File "C:\Projects\lectio\apps\textbook-agent\backend\.venv\Lib\site-packages\sqlalchemy\util\_concurrency_py3k.py", line 201, in greenlet_spawn
    result = context.throw(*sys.exc_info())
             ^^^^^^^^^^^^^^^^^^^^^^^^^^^^^^
  File "C:\Projects\lectio\apps\textbook-agent\backend\.venv\Lib\site-packages\sqlalchemy\engine\base.py", line 3293, in connect
    return self._connection_cls(self)
           ^^^^^^^^^^^^^^^^^^^^^^^^^^
  File "C:\Projects\lectio\apps\textbook-agent\backend\.venv\Lib\site-packages\sqlalchemy\engine\base.py", line 143, in __init__
    self._dbapi_connection = engine.raw_connection()
                             ^^^^^^^^^^^^^^^^^^^^^^^
  File "C:\Projects\lectio\apps\textbook-agent\backend\.venv\Lib\site-packages\sqlalchemy\engine\base.py", line 3317, in raw_connection
    return self.pool.connect()
           ^^^^^^^^^^^^^^^^^^^
  File "C:\Projects\lectio\apps\textbook-agent\backend\.venv\Lib\site-packages\sqlalchemy\pool\base.py", line 448, in connect
    return _ConnectionFairy._checkout(self)
           ^^^^^^^^^^^^^^^^^^^^^^^^^^^^^^^^
  File "C:\Projects\lectio\apps\textbook-agent\backend\.venv\Lib\site-packages\sqlalchemy\pool\base.py", line 1272, in _checkout
    fairy = _ConnectionRecord.checkout(pool)
            ^^^^^^^^^^^^^^^^^^^^^^^^^^^^^^^^
  File "C:\Projects\lectio\apps\textbook-agent\backend\.venv\Lib\site-packages\sqlalchemy\pool\base.py", line 712, in checkout
    rec = pool._do_get()
          ^^^^^^^^^^^^^^
  File "C:\Projects\lectio\apps\textbook-agent\backend\.venv\Lib\site-packages\sqlalchemy\pool\impl.py", line 306, in _do_get
    return self._create_connection()
           ^^^^^^^^^^^^^^^^^^^^^^^^^
  File "C:\Projects\lectio\apps\textbook-agent\backend\.venv\Lib\site-packages\sqlalchemy\pool\base.py", line 389, in _create_connection
    return _ConnectionRecord(self)
           ^^^^^^^^^^^^^^^^^^^^^^^
  File "C:\Projects\lectio\apps\textbook-agent\backend\.venv\Lib\site-packages\sqlalchemy\pool\base.py", line 674, in __init__
    self.__connect()
  File "C:\Projects\lectio\apps\textbook-agent\backend\.venv\Lib\site-packages\sqlalchemy\pool\base.py", line 900, in __connect
    with util.safe_reraise():
  File "C:\Projects\lectio\apps\textbook-agent\backend\.venv\Lib\site-packages\sqlalchemy\util\langhelpers.py", line 121, in __exit__
    raise exc_value.with_traceback(exc_tb)
  File "C:\Projects\lectio\apps\textbook-agent\backend\.venv\Lib\site-packages\sqlalchemy\pool\base.py", line 896, in __connect
    self.dbapi_connection = connection = pool._invoke_creator(self)
                                         ^^^^^^^^^^^^^^^^^^^^^^^^^^
  File "C:\Projects\lectio\apps\textbook-agent\backend\.venv\Lib\site-packages\sqlalchemy\engine\create.py", line 667, in connect
    return dialect.connect(*cargs_tup, **cparams)
           ^^^^^^^^^^^^^^^^^^^^^^^^^^^^^^^^^^^^^^
  File "C:\Projects\lectio\apps\textbook-agent\backend\.venv\Lib\site-packages\sqlalchemy\engine\default.py", line 630, in connect
    return self.loaded_dbapi.connect(*cargs, **cparams)  # type: ignore[no-any-return]  # NOQA: E501
           ^^^^^^^^^^^^^^^^^^^^^^^^^^^^^^^^^^^^^^^^^^^^
  File "C:\Projects\lectio\apps\textbook-agent\backend\.venv\Lib\site-packages\sqlalchemy\dialects\postgresql\asyncpg.py", line 955, in connect
    await_only(creator_fn(*arg, **kw)),
    ^^^^^^^^^^^^^^^^^^^^^^^^^^^^^^^^^^
  File "C:\Projects\lectio\apps\textbook-agent\backend\.venv\Lib\site-packages\sqlalchemy\util\_concurrency_py3k.py", line 132, in await_only
    return current.parent.switch(awaitable)  # type: ignore[no-any-return,attr-defined] # noqa: E501
           ^^^^^^^^^^^^^^^^^^^^^^^^^^^^^^^^
  File "C:\Projects\lectio\apps\textbook-agent\backend\.venv\Lib\site-packages\sqlalchemy\util\_concurrency_py3k.py", line 196, in greenlet_spawn
    value = await result
            ^^^^^^^^^^^^
  File "C:\Projects\lectio\apps\textbook-agent\backend\.venv\Lib\site-packages\asyncpg\connection.py", line 2443, in connect
    return await connect_utils._connect(
           ^^^^^^^^^^^^^^^^^^^^^^^^^^^^^
  File "C:\Projects\lectio\apps\textbook-agent\backend\.venv\Lib\site-packages\asyncpg\connect_utils.py", line 1249, in _connect
    raise last_error or exceptions.TargetServerAttributeNotMatched(
  File "C:\Projects\lectio\apps\textbook-agent\backend\.venv\Lib\site-packages\asyncpg\connect_utils.py", line 1218, in _connect
    conn = await _connect_addr(
           ^^^^^^^^^^^^^^^^^^^^
  File "C:\Projects\lectio\apps\textbook-agent\backend\.venv\Lib\site-packages\asyncpg\connect_utils.py", line 1054, in _connect_addr
    return await __connect_addr(params, True, *args)
           ^^^^^^^^^^^^^^^^^^^^^^^^^^^^^^^^^^^^^^^^^
  File "C:\Projects\lectio\apps\textbook-agent\backend\.venv\Lib\site-packages\asyncpg\connect_utils.py", line 1099, in __connect_addr
    tr, pr = await connector
             ^^^^^^^^^^^^^^^
  File "C:\Projects\lectio\apps\textbook-agent\backend\.venv\Lib\site-packages\asyncpg\connect_utils.py", line 969, in _create_ssl_connection
    tr, pr = await loop.create_connection(
             ^^^^^^^^^^^^^^^^^^^^^^^^^^^^^
  File "C:\Users\richi\AppData\Roaming\uv\python\cpython-3.11-windows-x86_64-none\Lib\asyncio\base_events.py", line 1086, in create_connection
    raise exceptions[0]
  File "C:\Users\richi\AppData\Roaming\uv\python\cpython-3.11-windows-x86_64-none\Lib\asyncio\base_events.py", line 1070, in create_connection
    sock = await self._connect_sock(
           ^^^^^^^^^^^^^^^^^^^^^^^^^
  File "C:\Users\richi\AppData\Roaming\uv\python\cpython-3.11-windows-x86_64-none\Lib\asyncio\base_events.py", line 974, in _connect_sock
    await self.sock_connect(sock, address)
  File "C:\Users\richi\AppData\Roaming\uv\python\cpython-3.11-windows-x86_64-none\Lib\asyncio\proactor_events.py", line 726, in sock_connect
    return await self._proactor.connect(sock, address)
           ^^^^^^^^^^^^^^^^^^^^^^^^^^^^^^^^^^^^^^^^^^^
  File "C:\Users\richi\AppData\Roaming\uv\python\cpython-3.11-windows-x86_64-none\Lib\asyncio\windows_events.py", line 854, in _poll
    value = callback(transferred, key, ov)
            ^^^^^^^^^^^^^^^^^^^^^^^^^^^^^^
  File "C:\Users\richi\AppData\Roaming\uv\python\cpython-3.11-windows-x86_64-none\Lib\asyncio\windows_events.py", line 641, in finish_connect
    ov.getresult()
ConnectionRefusedError: [WinError 1225] The remote computer refused the network connection

ERROR:    Application startup failed. Exiting.
WARNING:  WatchFiles detected changes in 'tests\planning\test_path_routes.py', 'tests\print_learn\test_p07_learn_runtime_gates.py', 'tests\routes\test_d6c_learn_runtime_chain.py'. Reloading...
C:\Projects\lectio\apps\textbook-agent\backend\src\contracts\generation_manifest.py:6: UserWarning: Field name "schema" in "GenerationFieldContract" shadows an attribute in parent "BaseModel"
  class GenerationFieldContract(BaseModel):
INFO:     Started server process [13720]
INFO:     Waiting for application startup.
ERROR:    Traceback (most recent call last):
  File "C:\Projects\lectio\apps\textbook-agent\backend\.venv\Lib\site-packages\starlette\routing.py", line 638, in lifespan
    async with self.lifespan_context(app) as maybe_state:
  File "C:\Users\richi\AppData\Roaming\uv\python\cpython-3.11-windows-x86_64-none\Lib\contextlib.py", line 210, in __aenter__
    return await anext(self.gen)
           ^^^^^^^^^^^^^^^^^^^^^
  File "C:\Projects\lectio\apps\textbook-agent\backend\.venv\Lib\site-packages\fastapi\routing.py", line 240, in merged_lifespan
    async with original_context(app) as maybe_original_state:
  File "C:\Users\richi\AppData\Roaming\uv\python\cpython-3.11-windows-x86_64-none\Lib\contextlib.py", line 210, in __aenter__
    return await anext(self.gen)
           ^^^^^^^^^^^^^^^^^^^^^
  File "C:\Projects\lectio\apps\textbook-agent\backend\.venv\Lib\site-packages\fastapi\routing.py", line 240, in merged_lifespan
    async with original_context(app) as maybe_original_state:
  File "C:\Users\richi\AppData\Roaming\uv\python\cpython-3.11-windows-x86_64-none\Lib\contextlib.py", line 210, in __aenter__
    return await anext(self.gen)
           ^^^^^^^^^^^^^^^^^^^^^
  File "C:\Projects\lectio\apps\textbook-agent\backend\.venv\Lib\site-packages\fastapi\routing.py", line 240, in merged_lifespan
    async with original_context(app) as maybe_original_state:
  File "C:\Users\richi\AppData\Roaming\uv\python\cpython-3.11-windows-x86_64-none\Lib\contextlib.py", line 210, in __aenter__
    return await anext(self.gen)
           ^^^^^^^^^^^^^^^^^^^^^
  File "C:\Projects\lectio\apps\textbook-agent\backend\.venv\Lib\site-packages\fastapi\routing.py", line 240, in merged_lifespan
    async with original_context(app) as maybe_original_state:
  File "C:\Users\richi\AppData\Roaming\uv\python\cpython-3.11-windows-x86_64-none\Lib\contextlib.py", line 210, in __aenter__
    return await anext(self.gen)
           ^^^^^^^^^^^^^^^^^^^^^
  File "C:\Projects\lectio\apps\textbook-agent\backend\.venv\Lib\site-packages\fastapi\routing.py", line 240, in merged_lifespan
    async with original_context(app) as maybe_original_state:
  File "C:\Users\richi\AppData\Roaming\uv\python\cpython-3.11-windows-x86_64-none\Lib\contextlib.py", line 210, in __aenter__
    return await anext(self.gen)
           ^^^^^^^^^^^^^^^^^^^^^
  File "C:\Projects\lectio\apps\textbook-agent\backend\.venv\Lib\site-packages\fastapi\routing.py", line 240, in merged_lifespan
    async with original_context(app) as maybe_original_state:
  File "C:\Users\richi\AppData\Roaming\uv\python\cpython-3.11-windows-x86_64-none\Lib\contextlib.py", line 210, in __aenter__
    return await anext(self.gen)
           ^^^^^^^^^^^^^^^^^^^^^
  File "C:\Projects\lectio\apps\textbook-agent\backend\.venv\Lib\site-packages\fastapi\routing.py", line 240, in merged_lifespan
    async with original_context(app) as maybe_original_state:
  File "C:\Users\richi\AppData\Roaming\uv\python\cpython-3.11-windows-x86_64-none\Lib\contextlib.py", line 210, in __aenter__
    return await anext(self.gen)
           ^^^^^^^^^^^^^^^^^^^^^
  File "C:\Projects\lectio\apps\textbook-agent\backend\.venv\Lib\site-packages\fastapi\routing.py", line 240, in merged_lifespan
    async with original_context(app) as maybe_original_state:
  File "C:\Users\richi\AppData\Roaming\uv\python\cpython-3.11-windows-x86_64-none\Lib\contextlib.py", line 210, in __aenter__
    return await anext(self.gen)
           ^^^^^^^^^^^^^^^^^^^^^
  File "C:\Projects\lectio\apps\textbook-agent\backend\.venv\Lib\site-packages\fastapi\routing.py", line 240, in merged_lifespan
    async with original_context(app) as maybe_original_state:
  File "C:\Users\richi\AppData\Roaming\uv\python\cpython-3.11-windows-x86_64-none\Lib\contextlib.py", line 210, in __aenter__
    return await anext(self.gen)
           ^^^^^^^^^^^^^^^^^^^^^
  File "C:\Projects\lectio\apps\textbook-agent\backend\.venv\Lib\site-packages\fastapi\routing.py", line 240, in merged_lifespan
    async with original_context(app) as maybe_original_state:
  File "C:\Users\richi\AppData\Roaming\uv\python\cpython-3.11-windows-x86_64-none\Lib\contextlib.py", line 210, in __aenter__
    return await anext(self.gen)
           ^^^^^^^^^^^^^^^^^^^^^
  File "C:\Projects\lectio\apps\textbook-agent\backend\.venv\Lib\site-packages\fastapi\routing.py", line 240, in merged_lifespan
    async with original_context(app) as maybe_original_state:
  File "C:\Users\richi\AppData\Roaming\uv\python\cpython-3.11-windows-x86_64-none\Lib\contextlib.py", line 210, in __aenter__
    return await anext(self.gen)
           ^^^^^^^^^^^^^^^^^^^^^
  File "C:\Projects\lectio\apps\textbook-agent\backend\.venv\Lib\site-packages\fastapi\routing.py", line 240, in merged_lifespan
    async with original_context(app) as maybe_original_state:
  File "C:\Users\richi\AppData\Roaming\uv\python\cpython-3.11-windows-x86_64-none\Lib\contextlib.py", line 210, in __aenter__
    return await anext(self.gen)
           ^^^^^^^^^^^^^^^^^^^^^
  File "C:\Projects\lectio\apps\textbook-agent\backend\.venv\Lib\site-packages\fastapi\routing.py", line 240, in merged_lifespan
    async with original_context(app) as maybe_original_state:
  File "C:\Users\richi\AppData\Roaming\uv\python\cpython-3.11-windows-x86_64-none\Lib\contextlib.py", line 210, in __aenter__
    return await anext(self.gen)
           ^^^^^^^^^^^^^^^^^^^^^
  File "C:\Projects\lectio\apps\textbook-agent\backend\.venv\Lib\site-packages\fastapi\routing.py", line 240, in merged_lifespan
    async with original_context(app) as maybe_original_state:
  File "C:\Users\richi\AppData\Roaming\uv\python\cpython-3.11-windows-x86_64-none\Lib\contextlib.py", line 210, in __aenter__
    return await anext(self.gen)
           ^^^^^^^^^^^^^^^^^^^^^
  File "C:\Projects\lectio\apps\textbook-agent\backend\.venv\Lib\site-packages\fastapi\routing.py", line 240, in merged_lifespan
    async with original_context(app) as maybe_original_state:
  File "C:\Users\richi\AppData\Roaming\uv\python\cpython-3.11-windows-x86_64-none\Lib\contextlib.py", line 210, in __aenter__
    return await anext(self.gen)
           ^^^^^^^^^^^^^^^^^^^^^
  File "C:\Projects\lectio\apps\textbook-agent\backend\.venv\Lib\site-packages\fastapi\routing.py", line 240, in merged_lifespan
    async with original_context(app) as maybe_original_state:
  File "C:\Users\richi\AppData\Roaming\uv\python\cpython-3.11-windows-x86_64-none\Lib\contextlib.py", line 210, in __aenter__
    return await anext(self.gen)
           ^^^^^^^^^^^^^^^^^^^^^
  File "C:\Projects\lectio\apps\textbook-agent\backend\src\app.py", line 231, in lifespan
    await asyncio.to_thread(upgrade_database)
  File "C:\Users\richi\AppData\Roaming\uv\python\cpython-3.11-windows-x86_64-none\Lib\asyncio\threads.py", line 25, in to_thread
    return await loop.run_in_executor(None, func_call)
           ^^^^^^^^^^^^^^^^^^^^^^^^^^^^^^^^^^^^^^^^^^^
  File "C:\Users\richi\AppData\Roaming\uv\python\cpython-3.11-windows-x86_64-none\Lib\concurrent\futures\thread.py", line 58, in run
    result = self.fn(*self.args, **self.kwargs)
             ^^^^^^^^^^^^^^^^^^^^^^^^^^^^^^^^^^
  File "C:\Projects\lectio\apps\textbook-agent\backend\src\infra\database\migrations\runner.py", line 43, in upgrade_database
    command.upgrade(_alembic_config(), revision)
  File "C:\Projects\lectio\apps\textbook-agent\backend\.venv\Lib\site-packages\alembic\command.py", line 483, in upgrade
    script.run_env()
  File "C:\Projects\lectio\apps\textbook-agent\backend\.venv\Lib\site-packages\alembic\script\base.py", line 545, in run_env
    util.load_python_file(self.dir, "env.py")
  File "C:\Projects\lectio\apps\textbook-agent\backend\.venv\Lib\site-packages\alembic\util\pyfiles.py", line 116, in load_python_file
    module = load_module_py(module_id, path)
             ^^^^^^^^^^^^^^^^^^^^^^^^^^^^^^^
  File "C:\Projects\lectio\apps\textbook-agent\backend\.venv\Lib\site-packages\alembic\util\pyfiles.py", line 136, in load_module_py
    spec.loader.exec_module(module)  # type: ignore
    ^^^^^^^^^^^^^^^^^^^^^^^^^^^^^^^
  File "<frozen importlib._bootstrap_external>", line 940, in exec_module
  File "<frozen importlib._bootstrap>", line 241, in _call_with_frames_removed
  File "C:\Projects\lectio\apps\textbook-agent\backend\src\infra\database\migrations\env.py", line 69, in <module>
    asyncio.run(run_migrations_online())
  File "C:\Users\richi\AppData\Roaming\uv\python\cpython-3.11-windows-x86_64-none\Lib\asyncio\runners.py", line 190, in run
    return runner.run(main)
           ^^^^^^^^^^^^^^^^
  File "C:\Users\richi\AppData\Roaming\uv\python\cpython-3.11-windows-x86_64-none\Lib\asyncio\runners.py", line 118, in run
    return self._loop.run_until_complete(task)
           ^^^^^^^^^^^^^^^^^^^^^^^^^^^^^^^^^^^
  File "C:\Users\richi\AppData\Roaming\uv\python\cpython-3.11-windows-x86_64-none\Lib\asyncio\base_events.py", line 654, in run_until_complete
    return future.result()
           ^^^^^^^^^^^^^^^
  File "C:\Projects\lectio\apps\textbook-agent\backend\src\infra\database\migrations\env.py", line 60, in run_migrations_online
    async with connectable.connect() as connection:
  File "C:\Projects\lectio\apps\textbook-agent\backend\.venv\Lib\site-packages\sqlalchemy\ext\asyncio\base.py", line 121, in __aenter__
    return await self.start(is_ctxmanager=True)
           ^^^^^^^^^^^^^^^^^^^^^^^^^^^^^^^^^^^^
  File "C:\Projects\lectio\apps\textbook-agent\backend\.venv\Lib\site-packages\sqlalchemy\ext\asyncio\engine.py", line 275, in start
    await greenlet_spawn(self.sync_engine.connect)
  File "C:\Projects\lectio\apps\textbook-agent\backend\.venv\Lib\site-packages\sqlalchemy\util\_concurrency_py3k.py", line 201, in greenlet_spawn
    result = context.throw(*sys.exc_info())
             ^^^^^^^^^^^^^^^^^^^^^^^^^^^^^^
  File "C:\Projects\lectio\apps\textbook-agent\backend\.venv\Lib\site-packages\sqlalchemy\engine\base.py", line 3293, in connect
    return self._connection_cls(self)
           ^^^^^^^^^^^^^^^^^^^^^^^^^^
  File "C:\Projects\lectio\apps\textbook-agent\backend\.venv\Lib\site-packages\sqlalchemy\engine\base.py", line 143, in __init__
    self._dbapi_connection = engine.raw_connection()
                             ^^^^^^^^^^^^^^^^^^^^^^^
  File "C:\Projects\lectio\apps\textbook-agent\backend\.venv\Lib\site-packages\sqlalchemy\engine\base.py", line 3317, in raw_connection
    return self.pool.connect()
           ^^^^^^^^^^^^^^^^^^^
  File "C:\Projects\lectio\apps\textbook-agent\backend\.venv\Lib\site-packages\sqlalchemy\pool\base.py", line 448, in connect
    return _ConnectionFairy._checkout(self)
           ^^^^^^^^^^^^^^^^^^^^^^^^^^^^^^^^
  File "C:\Projects\lectio\apps\textbook-agent\backend\.venv\Lib\site-packages\sqlalchemy\pool\base.py", line 1272, in _checkout
    fairy = _ConnectionRecord.checkout(pool)
            ^^^^^^^^^^^^^^^^^^^^^^^^^^^^^^^^
  File "C:\Projects\lectio\apps\textbook-agent\backend\.venv\Lib\site-packages\sqlalchemy\pool\base.py", line 712, in checkout
    rec = pool._do_get()
          ^^^^^^^^^^^^^^
  File "C:\Projects\lectio\apps\textbook-agent\backend\.venv\Lib\site-packages\sqlalchemy\pool\impl.py", line 306, in _do_get
    return self._create_connection()
           ^^^^^^^^^^^^^^^^^^^^^^^^^
  File "C:\Projects\lectio\apps\textbook-agent\backend\.venv\Lib\site-packages\sqlalchemy\pool\base.py", line 389, in _create_connection
    return _ConnectionRecord(self)
           ^^^^^^^^^^^^^^^^^^^^^^^
  File "C:\Projects\lectio\apps\textbook-agent\backend\.venv\Lib\site-packages\sqlalchemy\pool\base.py", line 674, in __init__
    self.__connect()
  File "C:\Projects\lectio\apps\textbook-agent\backend\.venv\Lib\site-packages\sqlalchemy\pool\base.py", line 900, in __connect
    with util.safe_reraise():
  File "C:\Projects\lectio\apps\textbook-agent\backend\.venv\Lib\site-packages\sqlalchemy\util\langhelpers.py", line 121, in __exit__
    raise exc_value.with_traceback(exc_tb)
  File "C:\Projects\lectio\apps\textbook-agent\backend\.venv\Lib\site-packages\sqlalchemy\pool\base.py", line 896, in __connect
    self.dbapi_connection = connection = pool._invoke_creator(self)
                                         ^^^^^^^^^^^^^^^^^^^^^^^^^^
  File "C:\Projects\lectio\apps\textbook-agent\backend\.venv\Lib\site-packages\sqlalchemy\engine\create.py", line 667, in connect
    return dialect.connect(*cargs_tup, **cparams)
           ^^^^^^^^^^^^^^^^^^^^^^^^^^^^^^^^^^^^^^
  File "C:\Projects\lectio\apps\textbook-agent\backend\.venv\Lib\site-packages\sqlalchemy\engine\default.py", line 630, in connect
    return self.loaded_dbapi.connect(*cargs, **cparams)  # type: ignore[no-any-return]  # NOQA: E501
           ^^^^^^^^^^^^^^^^^^^^^^^^^^^^^^^^^^^^^^^^^^^^
  File "C:\Projects\lectio\apps\textbook-agent\backend\.venv\Lib\site-packages\sqlalchemy\dialects\postgresql\asyncpg.py", line 955, in connect
    await_only(creator_fn(*arg, **kw)),
    ^^^^^^^^^^^^^^^^^^^^^^^^^^^^^^^^^^
  File "C:\Projects\lectio\apps\textbook-agent\backend\.venv\Lib\site-packages\sqlalchemy\util\_concurrency_py3k.py", line 132, in await_only
    return current.parent.switch(awaitable)  # type: ignore[no-any-return,attr-defined] # noqa: E501
           ^^^^^^^^^^^^^^^^^^^^^^^^^^^^^^^^
  File "C:\Projects\lectio\apps\textbook-agent\backend\.venv\Lib\site-packages\sqlalchemy\util\_concurrency_py3k.py", line 196, in greenlet_spawn
    value = await result
            ^^^^^^^^^^^^
  File "C:\Projects\lectio\apps\textbook-agent\backend\.venv\Lib\site-packages\asyncpg\connection.py", line 2443, in connect
    return await connect_utils._connect(
           ^^^^^^^^^^^^^^^^^^^^^^^^^^^^^
  File "C:\Projects\lectio\apps\textbook-agent\backend\.venv\Lib\site-packages\asyncpg\connect_utils.py", line 1249, in _connect
    raise last_error or exceptions.TargetServerAttributeNotMatched(
  File "C:\Projects\lectio\apps\textbook-agent\backend\.venv\Lib\site-packages\asyncpg\connect_utils.py", line 1218, in _connect
    conn = await _connect_addr(
           ^^^^^^^^^^^^^^^^^^^^
  File "C:\Projects\lectio\apps\textbook-agent\backend\.venv\Lib\site-packages\asyncpg\connect_utils.py", line 1054, in _connect_addr
    return await __connect_addr(params, True, *args)
           ^^^^^^^^^^^^^^^^^^^^^^^^^^^^^^^^^^^^^^^^^
  File "C:\Projects\lectio\apps\textbook-agent\backend\.venv\Lib\site-packages\asyncpg\connect_utils.py", line 1099, in __connect_addr
    tr, pr = await connector
             ^^^^^^^^^^^^^^^
  File "C:\Projects\lectio\apps\textbook-agent\backend\.venv\Lib\site-packages\asyncpg\connect_utils.py", line 969, in _create_ssl_connection
    tr, pr = await loop.create_connection(
             ^^^^^^^^^^^^^^^^^^^^^^^^^^^^^
  File "C:\Users\richi\AppData\Roaming\uv\python\cpython-3.11-windows-x86_64-none\Lib\asyncio\base_events.py", line 1086, in create_connection
    raise exceptions[0]
  File "C:\Users\richi\AppData\Roaming\uv\python\cpython-3.11-windows-x86_64-none\Lib\asyncio\base_events.py", line 1070, in create_connection
    sock = await self._connect_sock(
           ^^^^^^^^^^^^^^^^^^^^^^^^^
  File "C:\Users\richi\AppData\Roaming\uv\python\cpython-3.11-windows-x86_64-none\Lib\asyncio\base_events.py", line 974, in _connect_sock
    await self.sock_connect(sock, address)
  File "C:\Users\richi\AppData\Roaming\uv\python\cpython-3.11-windows-x86_64-none\Lib\asyncio\proactor_events.py", line 726, in sock_connect
    return await self._proactor.connect(sock, address)
           ^^^^^^^^^^^^^^^^^^^^^^^^^^^^^^^^^^^^^^^^^^^
  File "C:\Users\richi\AppData\Roaming\uv\python\cpython-3.11-windows-x86_64-none\Lib\asyncio\windows_events.py", line 854, in _poll
    value = callback(transferred, key, ov)
            ^^^^^^^^^^^^^^^^^^^^^^^^^^^^^^
  File "C:\Users\richi\AppData\Roaming\uv\python\cpython-3.11-windows-x86_64-none\Lib\asyncio\windows_events.py", line 641, in finish_connect
    ov.getresult()
ConnectionRefusedError: [WinError 1225] The remote computer refused the network connection

ERROR:    Application startup failed. Exiting.
WARNING:  WatchFiles detected changes in 'tests\application\test_p03_realization_gates.py', 'src\application\unit_lesson\realizations.py', 'src\curriculum\routes.py'. Reloading...
C:\Projects\lectio\apps\textbook-agent\backend\src\contracts\generation_manifest.py:6: UserWarning: Field name "schema" in "GenerationFieldContract" shadows an attribute in parent "BaseModel"
  class GenerationFieldContract(BaseModel):
WARNING:  WatchFiles detected changes in 'src\curriculum\routes.py'. Reloading...
INFO:     Started server process [38528]
INFO:     Waiting for application startup.
ERROR:    Traceback (most recent call last):
  File "C:\Projects\lectio\apps\textbook-agent\backend\.venv\Lib\site-packages\starlette\routing.py", line 638, in lifespan
    async with self.lifespan_context(app) as maybe_state:
  File "C:\Users\richi\AppData\Roaming\uv\python\cpython-3.11-windows-x86_64-none\Lib\contextlib.py", line 210, in __aenter__
    return await anext(self.gen)
           ^^^^^^^^^^^^^^^^^^^^^
  File "C:\Projects\lectio\apps\textbook-agent\backend\.venv\Lib\site-packages\fastapi\routing.py", line 240, in merged_lifespan
    async with original_context(app) as maybe_original_state:
  File "C:\Users\richi\AppData\Roaming\uv\python\cpython-3.11-windows-x86_64-none\Lib\contextlib.py", line 210, in __aenter__
    return await anext(self.gen)
           ^^^^^^^^^^^^^^^^^^^^^
  File "C:\Projects\lectio\apps\textbook-agent\backend\.venv\Lib\site-packages\fastapi\routing.py", line 240, in merged_lifespan
    async with original_context(app) as maybe_original_state:
  File "C:\Users\richi\AppData\Roaming\uv\python\cpython-3.11-windows-x86_64-none\Lib\contextlib.py", line 210, in __aenter__
    return await anext(self.gen)
           ^^^^^^^^^^^^^^^^^^^^^
  File "C:\Projects\lectio\apps\textbook-agent\backend\.venv\Lib\site-packages\fastapi\routing.py", line 240, in merged_lifespan
    async with original_context(app) as maybe_original_state:
  File "C:\Users\richi\AppData\Roaming\uv\python\cpython-3.11-windows-x86_64-none\Lib\contextlib.py", line 210, in __aenter__
    return await anext(self.gen)
           ^^^^^^^^^^^^^^^^^^^^^
  File "C:\Projects\lectio\apps\textbook-agent\backend\.venv\Lib\site-packages\fastapi\routing.py", line 240, in merged_lifespan
    async with original_context(app) as maybe_original_state:
  File "C:\Users\richi\AppData\Roaming\uv\python\cpython-3.11-windows-x86_64-none\Lib\contextlib.py", line 210, in __aenter__
    return await anext(self.gen)
           ^^^^^^^^^^^^^^^^^^^^^
  File "C:\Projects\lectio\apps\textbook-agent\backend\.venv\Lib\site-packages\fastapi\routing.py", line 240, in merged_lifespan
    async with original_context(app) as maybe_original_state:
  File "C:\Users\richi\AppData\Roaming\uv\python\cpython-3.11-windows-x86_64-none\Lib\contextlib.py", line 210, in __aenter__
    return await anext(self.gen)
           ^^^^^^^^^^^^^^^^^^^^^
  File "C:\Projects\lectio\apps\textbook-agent\backend\.venv\Lib\site-packages\fastapi\routing.py", line 240, in merged_lifespan
    async with original_context(app) as maybe_original_state:
  File "C:\Users\richi\AppData\Roaming\uv\python\cpython-3.11-windows-x86_64-none\Lib\contextlib.py", line 210, in __aenter__
    return await anext(self.gen)
           ^^^^^^^^^^^^^^^^^^^^^
  File "C:\Projects\lectio\apps\textbook-agent\backend\.venv\Lib\site-packages\fastapi\routing.py", line 240, in merged_lifespan
    async with original_context(app) as maybe_original_state:
  File "C:\Users\richi\AppData\Roaming\uv\python\cpython-3.11-windows-x86_64-none\Lib\contextlib.py", line 210, in __aenter__
    return await anext(self.gen)
           ^^^^^^^^^^^^^^^^^^^^^
  File "C:\Projects\lectio\apps\textbook-agent\backend\.venv\Lib\site-packages\fastapi\routing.py", line 240, in merged_lifespan
    async with original_context(app) as maybe_original_state:
  File "C:\Users\richi\AppData\Roaming\uv\python\cpython-3.11-windows-x86_64-none\Lib\contextlib.py", line 210, in __aenter__
    return await anext(self.gen)
           ^^^^^^^^^^^^^^^^^^^^^
  File "C:\Projects\lectio\apps\textbook-agent\backend\.venv\Lib\site-packages\fastapi\routing.py", line 240, in merged_lifespan
    async with original_context(app) as maybe_original_state:
  File "C:\Users\richi\AppData\Roaming\uv\python\cpython-3.11-windows-x86_64-none\Lib\contextlib.py", line 210, in __aenter__
    return await anext(self.gen)
           ^^^^^^^^^^^^^^^^^^^^^
  File "C:\Projects\lectio\apps\textbook-agent\backend\.venv\Lib\site-packages\fastapi\routing.py", line 240, in merged_lifespan
    async with original_context(app) as maybe_original_state:
  File "C:\Users\richi\AppData\Roaming\uv\python\cpython-3.11-windows-x86_64-none\Lib\contextlib.py", line 210, in __aenter__
    return await anext(self.gen)
           ^^^^^^^^^^^^^^^^^^^^^
  File "C:\Projects\lectio\apps\textbook-agent\backend\.venv\Lib\site-packages\fastapi\routing.py", line 240, in merged_lifespan
    async with original_context(app) as maybe_original_state:
  File "C:\Users\richi\AppData\Roaming\uv\python\cpython-3.11-windows-x86_64-none\Lib\contextlib.py", line 210, in __aenter__
    return await anext(self.gen)
           ^^^^^^^^^^^^^^^^^^^^^
  File "C:\Projects\lectio\apps\textbook-agent\backend\.venv\Lib\site-packages\fastapi\routing.py", line 240, in merged_lifespan
    async with original_context(app) as maybe_original_state:
  File "C:\Users\richi\AppData\Roaming\uv\python\cpython-3.11-windows-x86_64-none\Lib\contextlib.py", line 210, in __aenter__
    return await anext(self.gen)
           ^^^^^^^^^^^^^^^^^^^^^
  File "C:\Projects\lectio\apps\textbook-agent\backend\.venv\Lib\site-packages\fastapi\routing.py", line 240, in merged_lifespan
    async with original_context(app) as maybe_original_state:
  File "C:\Users\richi\AppData\Roaming\uv\python\cpython-3.11-windows-x86_64-none\Lib\contextlib.py", line 210, in __aenter__
    return await anext(self.gen)
           ^^^^^^^^^^^^^^^^^^^^^
  File "C:\Projects\lectio\apps\textbook-agent\backend\.venv\Lib\site-packages\fastapi\routing.py", line 240, in merged_lifespan
    async with original_context(app) as maybe_original_state:
  File "C:\Users\richi\AppData\Roaming\uv\python\cpython-3.11-windows-x86_64-none\Lib\contextlib.py", line 210, in __aenter__
    return await anext(self.gen)
           ^^^^^^^^^^^^^^^^^^^^^
  File "C:\Projects\lectio\apps\textbook-agent\backend\.venv\Lib\site-packages\fastapi\routing.py", line 240, in merged_lifespan
    async with original_context(app) as maybe_original_state:
  File "C:\Users\richi\AppData\Roaming\uv\python\cpython-3.11-windows-x86_64-none\Lib\contextlib.py", line 210, in __aenter__
    return await anext(self.gen)
           ^^^^^^^^^^^^^^^^^^^^^
  File "C:\Projects\lectio\apps\textbook-agent\backend\.venv\Lib\site-packages\fastapi\routing.py", line 240, in merged_lifespan
    async with original_context(app) as maybe_original_state:
  File "C:\Users\richi\AppData\Roaming\uv\python\cpython-3.11-windows-x86_64-none\Lib\contextlib.py", line 210, in __aenter__
    return await anext(self.gen)
           ^^^^^^^^^^^^^^^^^^^^^
  File "C:\Projects\lectio\apps\textbook-agent\backend\src\app.py", line 231, in lifespan
    await asyncio.to_thread(upgrade_database)
  File "C:\Users\richi\AppData\Roaming\uv\python\cpython-3.11-windows-x86_64-none\Lib\asyncio\threads.py", line 25, in to_thread
    return await loop.run_in_executor(None, func_call)
           ^^^^^^^^^^^^^^^^^^^^^^^^^^^^^^^^^^^^^^^^^^^
  File "C:\Users\richi\AppData\Roaming\uv\python\cpython-3.11-windows-x86_64-none\Lib\concurrent\futures\thread.py", line 58, in run
    result = self.fn(*self.args, **self.kwargs)
             ^^^^^^^^^^^^^^^^^^^^^^^^^^^^^^^^^^
  File "C:\Projects\lectio\apps\textbook-agent\backend\src\infra\database\migrations\runner.py", line 43, in upgrade_database
    command.upgrade(_alembic_config(), revision)
  File "C:\Projects\lectio\apps\textbook-agent\backend\.venv\Lib\site-packages\alembic\command.py", line 483, in upgrade
    script.run_env()
  File "C:\Projects\lectio\apps\textbook-agent\backend\.venv\Lib\site-packages\alembic\script\base.py", line 545, in run_env
    util.load_python_file(self.dir, "env.py")
  File "C:\Projects\lectio\apps\textbook-agent\backend\.venv\Lib\site-packages\alembic\util\pyfiles.py", line 116, in load_python_file
    module = load_module_py(module_id, path)
             ^^^^^^^^^^^^^^^^^^^^^^^^^^^^^^^
  File "C:\Projects\lectio\apps\textbook-agent\backend\.venv\Lib\site-packages\alembic\util\pyfiles.py", line 136, in load_module_py
    spec.loader.exec_module(module)  # type: ignore
    ^^^^^^^^^^^^^^^^^^^^^^^^^^^^^^^
  File "<frozen importlib._bootstrap_external>", line 940, in exec_module
  File "<frozen importlib._bootstrap>", line 241, in _call_with_frames_removed
  File "C:\Projects\lectio\apps\textbook-agent\backend\src\infra\database\migrations\env.py", line 69, in <module>
    asyncio.run(run_migrations_online())
  File "C:\Users\richi\AppData\Roaming\uv\python\cpython-3.11-windows-x86_64-none\Lib\asyncio\runners.py", line 190, in run
    return runner.run(main)
           ^^^^^^^^^^^^^^^^
  File "C:\Users\richi\AppData\Roaming\uv\python\cpython-3.11-windows-x86_64-none\Lib\asyncio\runners.py", line 118, in run
    return self._loop.run_until_complete(task)
           ^^^^^^^^^^^^^^^^^^^^^^^^^^^^^^^^^^^
  File "C:\Users\richi\AppData\Roaming\uv\python\cpython-3.11-windows-x86_64-none\Lib\asyncio\base_events.py", line 654, in run_until_complete
    return future.result()
           ^^^^^^^^^^^^^^^
  File "C:\Projects\lectio\apps\textbook-agent\backend\src\infra\database\migrations\env.py", line 60, in run_migrations_online
    async with connectable.connect() as connection:
  File "C:\Projects\lectio\apps\textbook-agent\backend\.venv\Lib\site-packages\sqlalchemy\ext\asyncio\base.py", line 121, in __aenter__
    return await self.start(is_ctxmanager=True)
           ^^^^^^^^^^^^^^^^^^^^^^^^^^^^^^^^^^^^
  File "C:\Projects\lectio\apps\textbook-agent\backend\.venv\Lib\site-packages\sqlalchemy\ext\asyncio\engine.py", line 275, in start
    await greenlet_spawn(self.sync_engine.connect)
  File "C:\Projects\lectio\apps\textbook-agent\backend\.venv\Lib\site-packages\sqlalchemy\util\_concurrency_py3k.py", line 201, in greenlet_spawn
    result = context.throw(*sys.exc_info())
             ^^^^^^^^^^^^^^^^^^^^^^^^^^^^^^
  File "C:\Projects\lectio\apps\textbook-agent\backend\.venv\Lib\site-packages\sqlalchemy\engine\base.py", line 3293, in connect
    return self._connection_cls(self)
           ^^^^^^^^^^^^^^^^^^^^^^^^^^
  File "C:\Projects\lectio\apps\textbook-agent\backend\.venv\Lib\site-packages\sqlalchemy\engine\base.py", line 143, in __init__
    self._dbapi_connection = engine.raw_connection()
                             ^^^^^^^^^^^^^^^^^^^^^^^
  File "C:\Projects\lectio\apps\textbook-agent\backend\.venv\Lib\site-packages\sqlalchemy\engine\base.py", line 3317, in raw_connection
    return self.pool.connect()
           ^^^^^^^^^^^^^^^^^^^
  File "C:\Projects\lectio\apps\textbook-agent\backend\.venv\Lib\site-packages\sqlalchemy\pool\base.py", line 448, in connect
    return _ConnectionFairy._checkout(self)
           ^^^^^^^^^^^^^^^^^^^^^^^^^^^^^^^^
  File "C:\Projects\lectio\apps\textbook-agent\backend\.venv\Lib\site-packages\sqlalchemy\pool\base.py", line 1272, in _checkout
    fairy = _ConnectionRecord.checkout(pool)
            ^^^^^^^^^^^^^^^^^^^^^^^^^^^^^^^^
  File "C:\Projects\lectio\apps\textbook-agent\backend\.venv\Lib\site-packages\sqlalchemy\pool\base.py", line 712, in checkout
    rec = pool._do_get()
          ^^^^^^^^^^^^^^
  File "C:\Projects\lectio\apps\textbook-agent\backend\.venv\Lib\site-packages\sqlalchemy\pool\impl.py", line 306, in _do_get
    return self._create_connection()
           ^^^^^^^^^^^^^^^^^^^^^^^^^
  File "C:\Projects\lectio\apps\textbook-agent\backend\.venv\Lib\site-packages\sqlalchemy\pool\base.py", line 389, in _create_connection
    return _ConnectionRecord(self)
           ^^^^^^^^^^^^^^^^^^^^^^^
  File "C:\Projects\lectio\apps\textbook-agent\backend\.venv\Lib\site-packages\sqlalchemy\pool\base.py", line 674, in __init__
    self.__connect()
  File "C:\Projects\lectio\apps\textbook-agent\backend\.venv\Lib\site-packages\sqlalchemy\pool\base.py", line 900, in __connect
    with util.safe_reraise():
  File "C:\Projects\lectio\apps\textbook-agent\backend\.venv\Lib\site-packages\sqlalchemy\util\langhelpers.py", line 121, in __exit__
    raise exc_value.with_traceback(exc_tb)
  File "C:\Projects\lectio\apps\textbook-agent\backend\.venv\Lib\site-packages\sqlalchemy\pool\base.py", line 896, in __connect
    self.dbapi_connection = connection = pool._invoke_creator(self)
                                         ^^^^^^^^^^^^^^^^^^^^^^^^^^
  File "C:\Projects\lectio\apps\textbook-agent\backend\.venv\Lib\site-packages\sqlalchemy\engine\create.py", line 667, in connect
    return dialect.connect(*cargs_tup, **cparams)
           ^^^^^^^^^^^^^^^^^^^^^^^^^^^^^^^^^^^^^^
  File "C:\Projects\lectio\apps\textbook-agent\backend\.venv\Lib\site-packages\sqlalchemy\engine\default.py", line 630, in connect
    return self.loaded_dbapi.connect(*cargs, **cparams)  # type: ignore[no-any-return]  # NOQA: E501
           ^^^^^^^^^^^^^^^^^^^^^^^^^^^^^^^^^^^^^^^^^^^^
  File "C:\Projects\lectio\apps\textbook-agent\backend\.venv\Lib\site-packages\sqlalchemy\dialects\postgresql\asyncpg.py", line 955, in connect
    await_only(creator_fn(*arg, **kw)),
    ^^^^^^^^^^^^^^^^^^^^^^^^^^^^^^^^^^
  File "C:\Projects\lectio\apps\textbook-agent\backend\.venv\Lib\site-packages\sqlalchemy\util\_concurrency_py3k.py", line 132, in await_only
    return current.parent.switch(awaitable)  # type: ignore[no-any-return,attr-defined] # noqa: E501
           ^^^^^^^^^^^^^^^^^^^^^^^^^^^^^^^^
  File "C:\Projects\lectio\apps\textbook-agent\backend\.venv\Lib\site-packages\sqlalchemy\util\_concurrency_py3k.py", line 196, in greenlet_spawn
    value = await result
            ^^^^^^^^^^^^
  File "C:\Projects\lectio\apps\textbook-agent\backend\.venv\Lib\site-packages\asyncpg\connection.py", line 2443, in connect
    return await connect_utils._connect(
           ^^^^^^^^^^^^^^^^^^^^^^^^^^^^^
  File "C:\Projects\lectio\apps\textbook-agent\backend\.venv\Lib\site-packages\asyncpg\connect_utils.py", line 1249, in _connect
    raise last_error or exceptions.TargetServerAttributeNotMatched(
  File "C:\Projects\lectio\apps\textbook-agent\backend\.venv\Lib\site-packages\asyncpg\connect_utils.py", line 1218, in _connect
    conn = await _connect_addr(
           ^^^^^^^^^^^^^^^^^^^^
  File "C:\Projects\lectio\apps\textbook-agent\backend\.venv\Lib\site-packages\asyncpg\connect_utils.py", line 1054, in _connect_addr
    return await __connect_addr(params, True, *args)
           ^^^^^^^^^^^^^^^^^^^^^^^^^^^^^^^^^^^^^^^^^
  File "C:\Projects\lectio\apps\textbook-agent\backend\.venv\Lib\site-packages\asyncpg\connect_utils.py", line 1099, in __connect_addr
    tr, pr = await connector
             ^^^^^^^^^^^^^^^
  File "C:\Projects\lectio\apps\textbook-agent\backend\.venv\Lib\site-packages\asyncpg\connect_utils.py", line 969, in _create_ssl_connection
    tr, pr = await loop.create_connection(
             ^^^^^^^^^^^^^^^^^^^^^^^^^^^^^
  File "C:\Users\richi\AppData\Roaming\uv\python\cpython-3.11-windows-x86_64-none\Lib\asyncio\base_events.py", line 1086, in create_connection
    raise exceptions[0]
  File "C:\Users\richi\AppData\Roaming\uv\python\cpython-3.11-windows-x86_64-none\Lib\asyncio\base_events.py", line 1070, in create_connection
    sock = await self._connect_sock(
           ^^^^^^^^^^^^^^^^^^^^^^^^^
  File "C:\Users\richi\AppData\Roaming\uv\python\cpython-3.11-windows-x86_64-none\Lib\asyncio\base_events.py", line 974, in _connect_sock
    await self.sock_connect(sock, address)
  File "C:\Users\richi\AppData\Roaming\uv\python\cpython-3.11-windows-x86_64-none\Lib\asyncio\proactor_events.py", line 726, in sock_connect
    return await self._proactor.connect(sock, address)
           ^^^^^^^^^^^^^^^^^^^^^^^^^^^^^^^^^^^^^^^^^^^
  File "C:\Users\richi\AppData\Roaming\uv\python\cpython-3.11-windows-x86_64-none\Lib\asyncio\windows_events.py", line 854, in _poll
    value = callback(transferred, key, ov)
            ^^^^^^^^^^^^^^^^^^^^^^^^^^^^^^
  File "C:\Users\richi\AppData\Roaming\uv\python\cpython-3.11-windows-x86_64-none\Lib\asyncio\windows_events.py", line 641, in finish_connect
    ov.getresult()
ConnectionRefusedError: [WinError 1225] The remote computer refused the network connection

ERROR:    Application startup failed. Exiting.
C:\Projects\lectio\apps\textbook-agent\backend\src\contracts\generation_manifest.py:6: UserWarning: Field name "schema" in "GenerationFieldContract" shadows an attribute in parent "BaseModel"
  class GenerationFieldContract(BaseModel):
INFO:     Started server process [22412]
INFO:     Waiting for application startup.
ERROR:    Traceback (most recent call last):
  File "C:\Projects\lectio\apps\textbook-agent\backend\.venv\Lib\site-packages\starlette\routing.py", line 638, in lifespan
    async with self.lifespan_context(app) as maybe_state:
  File "C:\Users\richi\AppData\Roaming\uv\python\cpython-3.11-windows-x86_64-none\Lib\contextlib.py", line 210, in __aenter__
    return await anext(self.gen)
           ^^^^^^^^^^^^^^^^^^^^^
  File "C:\Projects\lectio\apps\textbook-agent\backend\.venv\Lib\site-packages\fastapi\routing.py", line 240, in merged_lifespan
    async with original_context(app) as maybe_original_state:
  File "C:\Users\richi\AppData\Roaming\uv\python\cpython-3.11-windows-x86_64-none\Lib\contextlib.py", line 210, in __aenter__
    return await anext(self.gen)
           ^^^^^^^^^^^^^^^^^^^^^
  File "C:\Projects\lectio\apps\textbook-agent\backend\.venv\Lib\site-packages\fastapi\routing.py", line 240, in merged_lifespan
    async with original_context(app) as maybe_original_state:
  File "C:\Users\richi\AppData\Roaming\uv\python\cpython-3.11-windows-x86_64-none\Lib\contextlib.py", line 210, in __aenter__
    return await anext(self.gen)
           ^^^^^^^^^^^^^^^^^^^^^
  File "C:\Projects\lectio\apps\textbook-agent\backend\.venv\Lib\site-packages\fastapi\routing.py", line 240, in merged_lifespan
    async with original_context(app) as maybe_original_state:
  File "C:\Users\richi\AppData\Roaming\uv\python\cpython-3.11-windows-x86_64-none\Lib\contextlib.py", line 210, in __aenter__
    return await anext(self.gen)
           ^^^^^^^^^^^^^^^^^^^^^
  File "C:\Projects\lectio\apps\textbook-agent\backend\.venv\Lib\site-packages\fastapi\routing.py", line 240, in merged_lifespan
    async with original_context(app) as maybe_original_state:
  File "C:\Users\richi\AppData\Roaming\uv\python\cpython-3.11-windows-x86_64-none\Lib\contextlib.py", line 210, in __aenter__
    return await anext(self.gen)
           ^^^^^^^^^^^^^^^^^^^^^
  File "C:\Projects\lectio\apps\textbook-agent\backend\.venv\Lib\site-packages\fastapi\routing.py", line 240, in merged_lifespan
    async with original_context(app) as maybe_original_state:
  File "C:\Users\richi\AppData\Roaming\uv\python\cpython-3.11-windows-x86_64-none\Lib\contextlib.py", line 210, in __aenter__
    return await anext(self.gen)
           ^^^^^^^^^^^^^^^^^^^^^
  File "C:\Projects\lectio\apps\textbook-agent\backend\.venv\Lib\site-packages\fastapi\routing.py", line 240, in merged_lifespan
    async with original_context(app) as maybe_original_state:
  File "C:\Users\richi\AppData\Roaming\uv\python\cpython-3.11-windows-x86_64-none\Lib\contextlib.py", line 210, in __aenter__
    return await anext(self.gen)
           ^^^^^^^^^^^^^^^^^^^^^
  File "C:\Projects\lectio\apps\textbook-agent\backend\.venv\Lib\site-packages\fastapi\routing.py", line 240, in merged_lifespan
    async with original_context(app) as maybe_original_state:
  File "C:\Users\richi\AppData\Roaming\uv\python\cpython-3.11-windows-x86_64-none\Lib\contextlib.py", line 210, in __aenter__
    return await anext(self.gen)
           ^^^^^^^^^^^^^^^^^^^^^
  File "C:\Projects\lectio\apps\textbook-agent\backend\.venv\Lib\site-packages\fastapi\routing.py", line 240, in merged_lifespan
    async with original_context(app) as maybe_original_state:
  File "C:\Users\richi\AppData\Roaming\uv\python\cpython-3.11-windows-x86_64-none\Lib\contextlib.py", line 210, in __aenter__
    return await anext(self.gen)
           ^^^^^^^^^^^^^^^^^^^^^
  File "C:\Projects\lectio\apps\textbook-agent\backend\.venv\Lib\site-packages\fastapi\routing.py", line 240, in merged_lifespan
    async with original_context(app) as maybe_original_state:
  File "C:\Users\richi\AppData\Roaming\uv\python\cpython-3.11-windows-x86_64-none\Lib\contextlib.py", line 210, in __aenter__
    return await anext(self.gen)
           ^^^^^^^^^^^^^^^^^^^^^
  File "C:\Projects\lectio\apps\textbook-agent\backend\.venv\Lib\site-packages\fastapi\routing.py", line 240, in merged_lifespan
    async with original_context(app) as maybe_original_state:
  File "C:\Users\richi\AppData\Roaming\uv\python\cpython-3.11-windows-x86_64-none\Lib\contextlib.py", line 210, in __aenter__
    return await anext(self.gen)
           ^^^^^^^^^^^^^^^^^^^^^
  File "C:\Projects\lectio\apps\textbook-agent\backend\.venv\Lib\site-packages\fastapi\routing.py", line 240, in merged_lifespan
    async with original_context(app) as maybe_original_state:
  File "C:\Users\richi\AppData\Roaming\uv\python\cpython-3.11-windows-x86_64-none\Lib\contextlib.py", line 210, in __aenter__
    return await anext(self.gen)
           ^^^^^^^^^^^^^^^^^^^^^
  File "C:\Projects\lectio\apps\textbook-agent\backend\.venv\Lib\site-packages\fastapi\routing.py", line 240, in merged_lifespan
    async with original_context(app) as maybe_original_state:
  File "C:\Users\richi\AppData\Roaming\uv\python\cpython-3.11-windows-x86_64-none\Lib\contextlib.py", line 210, in __aenter__
    return await anext(self.gen)
           ^^^^^^^^^^^^^^^^^^^^^
  File "C:\Projects\lectio\apps\textbook-agent\backend\.venv\Lib\site-packages\fastapi\routing.py", line 240, in merged_lifespan
    async with original_context(app) as maybe_original_state:
  File "C:\Users\richi\AppData\Roaming\uv\python\cpython-3.11-windows-x86_64-none\Lib\contextlib.py", line 210, in __aenter__
    return await anext(self.gen)
           ^^^^^^^^^^^^^^^^^^^^^
  File "C:\Projects\lectio\apps\textbook-agent\backend\.venv\Lib\site-packages\fastapi\routing.py", line 240, in merged_lifespan
    async with original_context(app) as maybe_original_state:
  File "C:\Users\richi\AppData\Roaming\uv\python\cpython-3.11-windows-x86_64-none\Lib\contextlib.py", line 210, in __aenter__
    return await anext(self.gen)
           ^^^^^^^^^^^^^^^^^^^^^
  File "C:\Projects\lectio\apps\textbook-agent\backend\.venv\Lib\site-packages\fastapi\routing.py", line 240, in merged_lifespan
    async with original_context(app) as maybe_original_state:
  File "C:\Users\richi\AppData\Roaming\uv\python\cpython-3.11-windows-x86_64-none\Lib\contextlib.py", line 210, in __aenter__
    return await anext(self.gen)
           ^^^^^^^^^^^^^^^^^^^^^
  File "C:\Projects\lectio\apps\textbook-agent\backend\.venv\Lib\site-packages\fastapi\routing.py", line 240, in merged_lifespan
    async with original_context(app) as maybe_original_state:
  File "C:\Users\richi\AppData\Roaming\uv\python\cpython-3.11-windows-x86_64-none\Lib\contextlib.py", line 210, in __aenter__
    return await anext(self.gen)
           ^^^^^^^^^^^^^^^^^^^^^
  File "C:\Projects\lectio\apps\textbook-agent\backend\src\app.py", line 231, in lifespan
    await asyncio.to_thread(upgrade_database)
  File "C:\Users\richi\AppData\Roaming\uv\python\cpython-3.11-windows-x86_64-none\Lib\asyncio\threads.py", line 25, in to_thread
    return await loop.run_in_executor(None, func_call)
           ^^^^^^^^^^^^^^^^^^^^^^^^^^^^^^^^^^^^^^^^^^^
  File "C:\Users\richi\AppData\Roaming\uv\python\cpython-3.11-windows-x86_64-none\Lib\concurrent\futures\thread.py", line 58, in run
    result = self.fn(*self.args, **self.kwargs)
             ^^^^^^^^^^^^^^^^^^^^^^^^^^^^^^^^^^
  File "C:\Projects\lectio\apps\textbook-agent\backend\src\infra\database\migrations\runner.py", line 43, in upgrade_database
    command.upgrade(_alembic_config(), revision)
  File "C:\Projects\lectio\apps\textbook-agent\backend\.venv\Lib\site-packages\alembic\command.py", line 483, in upgrade
    script.run_env()
  File "C:\Projects\lectio\apps\textbook-agent\backend\.venv\Lib\site-packages\alembic\script\base.py", line 545, in run_env
    util.load_python_file(self.dir, "env.py")
  File "C:\Projects\lectio\apps\textbook-agent\backend\.venv\Lib\site-packages\alembic\util\pyfiles.py", line 116, in load_python_file
    module = load_module_py(module_id, path)
             ^^^^^^^^^^^^^^^^^^^^^^^^^^^^^^^
  File "C:\Projects\lectio\apps\textbook-agent\backend\.venv\Lib\site-packages\alembic\util\pyfiles.py", line 136, in load_module_py
    spec.loader.exec_module(module)  # type: ignore
    ^^^^^^^^^^^^^^^^^^^^^^^^^^^^^^^
  File "<frozen importlib._bootstrap_external>", line 940, in exec_module
  File "<frozen importlib._bootstrap>", line 241, in _call_with_frames_removed
  File "C:\Projects\lectio\apps\textbook-agent\backend\src\infra\database\migrations\env.py", line 69, in <module>
    asyncio.run(run_migrations_online())
  File "C:\Users\richi\AppData\Roaming\uv\python\cpython-3.11-windows-x86_64-none\Lib\asyncio\runners.py", line 190, in run
    return runner.run(main)
           ^^^^^^^^^^^^^^^^
  File "C:\Users\richi\AppData\Roaming\uv\python\cpython-3.11-windows-x86_64-none\Lib\asyncio\runners.py", line 118, in run
    return self._loop.run_until_complete(task)
           ^^^^^^^^^^^^^^^^^^^^^^^^^^^^^^^^^^^
  File "C:\Users\richi\AppData\Roaming\uv\python\cpython-3.11-windows-x86_64-none\Lib\asyncio\base_events.py", line 654, in run_until_complete
    return future.result()
           ^^^^^^^^^^^^^^^
  File "C:\Projects\lectio\apps\textbook-agent\backend\src\infra\database\migrations\env.py", line 60, in run_migrations_online
    async with connectable.connect() as connection:
  File "C:\Projects\lectio\apps\textbook-agent\backend\.venv\Lib\site-packages\sqlalchemy\ext\asyncio\base.py", line 121, in __aenter__
    return await self.start(is_ctxmanager=True)
           ^^^^^^^^^^^^^^^^^^^^^^^^^^^^^^^^^^^^
  File "C:\Projects\lectio\apps\textbook-agent\backend\.venv\Lib\site-packages\sqlalchemy\ext\asyncio\engine.py", line 275, in start
    await greenlet_spawn(self.sync_engine.connect)
  File "C:\Projects\lectio\apps\textbook-agent\backend\.venv\Lib\site-packages\sqlalchemy\util\_concurrency_py3k.py", line 201, in greenlet_spawn
    result = context.throw(*sys.exc_info())
             ^^^^^^^^^^^^^^^^^^^^^^^^^^^^^^
  File "C:\Projects\lectio\apps\textbook-agent\backend\.venv\Lib\site-packages\sqlalchemy\engine\base.py", line 3293, in connect
    return self._connection_cls(self)
           ^^^^^^^^^^^^^^^^^^^^^^^^^^
  File "C:\Projects\lectio\apps\textbook-agent\backend\.venv\Lib\site-packages\sqlalchemy\engine\base.py", line 143, in __init__
    self._dbapi_connection = engine.raw_connection()
                             ^^^^^^^^^^^^^^^^^^^^^^^
  File "C:\Projects\lectio\apps\textbook-agent\backend\.venv\Lib\site-packages\sqlalchemy\engine\base.py", line 3317, in raw_connection
    return self.pool.connect()
           ^^^^^^^^^^^^^^^^^^^
  File "C:\Projects\lectio\apps\textbook-agent\backend\.venv\Lib\site-packages\sqlalchemy\pool\base.py", line 448, in connect
    return _ConnectionFairy._checkout(self)
           ^^^^^^^^^^^^^^^^^^^^^^^^^^^^^^^^
  File "C:\Projects\lectio\apps\textbook-agent\backend\.venv\Lib\site-packages\sqlalchemy\pool\base.py", line 1272, in _checkout
    fairy = _ConnectionRecord.checkout(pool)
            ^^^^^^^^^^^^^^^^^^^^^^^^^^^^^^^^
  File "C:\Projects\lectio\apps\textbook-agent\backend\.venv\Lib\site-packages\sqlalchemy\pool\base.py", line 712, in checkout
    rec = pool._do_get()
          ^^^^^^^^^^^^^^
  File "C:\Projects\lectio\apps\textbook-agent\backend\.venv\Lib\site-packages\sqlalchemy\pool\impl.py", line 306, in _do_get
    return self._create_connection()
           ^^^^^^^^^^^^^^^^^^^^^^^^^
  File "C:\Projects\lectio\apps\textbook-agent\backend\.venv\Lib\site-packages\sqlalchemy\pool\base.py", line 389, in _create_connection
    return _ConnectionRecord(self)
           ^^^^^^^^^^^^^^^^^^^^^^^
  File "C:\Projects\lectio\apps\textbook-agent\backend\.venv\Lib\site-packages\sqlalchemy\pool\base.py", line 674, in __init__
    self.__connect()
  File "C:\Projects\lectio\apps\textbook-agent\backend\.venv\Lib\site-packages\sqlalchemy\pool\base.py", line 900, in __connect
    with util.safe_reraise():
  File "C:\Projects\lectio\apps\textbook-agent\backend\.venv\Lib\site-packages\sqlalchemy\util\langhelpers.py", line 121, in __exit__
    raise exc_value.with_traceback(exc_tb)
  File "C:\Projects\lectio\apps\textbook-agent\backend\.venv\Lib\site-packages\sqlalchemy\pool\base.py", line 896, in __connect
    self.dbapi_connection = connection = pool._invoke_creator(self)
                                         ^^^^^^^^^^^^^^^^^^^^^^^^^^
  File "C:\Projects\lectio\apps\textbook-agent\backend\.venv\Lib\site-packages\sqlalchemy\engine\create.py", line 667, in connect
    return dialect.connect(*cargs_tup, **cparams)
           ^^^^^^^^^^^^^^^^^^^^^^^^^^^^^^^^^^^^^^
  File "C:\Projects\lectio\apps\textbook-agent\backend\.venv\Lib\site-packages\sqlalchemy\engine\default.py", line 630, in connect
    return self.loaded_dbapi.connect(*cargs, **cparams)  # type: ignore[no-any-return]  # NOQA: E501
           ^^^^^^^^^^^^^^^^^^^^^^^^^^^^^^^^^^^^^^^^^^^^
  File "C:\Projects\lectio\apps\textbook-agent\backend\.venv\Lib\site-packages\sqlalchemy\dialects\postgresql\asyncpg.py", line 955, in connect
    await_only(creator_fn(*arg, **kw)),
    ^^^^^^^^^^^^^^^^^^^^^^^^^^^^^^^^^^
  File "C:\Projects\lectio\apps\textbook-agent\backend\.venv\Lib\site-packages\sqlalchemy\util\_concurrency_py3k.py", line 132, in await_only
    return current.parent.switch(awaitable)  # type: ignore[no-any-return,attr-defined] # noqa: E501
           ^^^^^^^^^^^^^^^^^^^^^^^^^^^^^^^^
  File "C:\Projects\lectio\apps\textbook-agent\backend\.venv\Lib\site-packages\sqlalchemy\util\_concurrency_py3k.py", line 196, in greenlet_spawn
    value = await result
            ^^^^^^^^^^^^
  File "C:\Projects\lectio\apps\textbook-agent\backend\.venv\Lib\site-packages\asyncpg\connection.py", line 2443, in connect
    return await connect_utils._connect(
           ^^^^^^^^^^^^^^^^^^^^^^^^^^^^^
  File "C:\Projects\lectio\apps\textbook-agent\backend\.venv\Lib\site-packages\asyncpg\connect_utils.py", line 1249, in _connect
    raise last_error or exceptions.TargetServerAttributeNotMatched(
  File "C:\Projects\lectio\apps\textbook-agent\backend\.venv\Lib\site-packages\asyncpg\connect_utils.py", line 1218, in _connect
    conn = await _connect_addr(
           ^^^^^^^^^^^^^^^^^^^^
  File "C:\Projects\lectio\apps\textbook-agent\backend\.venv\Lib\site-packages\asyncpg\connect_utils.py", line 1054, in _connect_addr
    return await __connect_addr(params, True, *args)
           ^^^^^^^^^^^^^^^^^^^^^^^^^^^^^^^^^^^^^^^^^
  File "C:\Projects\lectio\apps\textbook-agent\backend\.venv\Lib\site-packages\asyncpg\connect_utils.py", line 1099, in __connect_addr
    tr, pr = await connector
             ^^^^^^^^^^^^^^^
  File "C:\Projects\lectio\apps\textbook-agent\backend\.venv\Lib\site-packages\asyncpg\connect_utils.py", line 969, in _create_ssl_connection
    tr, pr = await loop.create_connection(
             ^^^^^^^^^^^^^^^^^^^^^^^^^^^^^
  File "C:\Users\richi\AppData\Roaming\uv\python\cpython-3.11-windows-x86_64-none\Lib\asyncio\base_events.py", line 1086, in create_connection
    raise exceptions[0]
  File "C:\Users\richi\AppData\Roaming\uv\python\cpython-3.11-windows-x86_64-none\Lib\asyncio\base_events.py", line 1070, in create_connection
    sock = await self._connect_sock(
           ^^^^^^^^^^^^^^^^^^^^^^^^^
  File "C:\Users\richi\AppData\Roaming\uv\python\cpython-3.11-windows-x86_64-none\Lib\asyncio\base_events.py", line 974, in _connect_sock
    await self.sock_connect(sock, address)
  File "C:\Users\richi\AppData\Roaming\uv\python\cpython-3.11-windows-x86_64-none\Lib\asyncio\proactor_events.py", line 726, in sock_connect
    return await self._proactor.connect(sock, address)
           ^^^^^^^^^^^^^^^^^^^^^^^^^^^^^^^^^^^^^^^^^^^
  File "C:\Users\richi\AppData\Roaming\uv\python\cpython-3.11-windows-x86_64-none\Lib\asyncio\windows_events.py", line 854, in _poll
    value = callback(transferred, key, ov)
            ^^^^^^^^^^^^^^^^^^^^^^^^^^^^^^
  File "C:\Users\richi\AppData\Roaming\uv\python\cpython-3.11-windows-x86_64-none\Lib\asyncio\windows_events.py", line 641, in finish_connect
    ov.getresult()
ConnectionRefusedError: [WinError 1225] The remote computer refused the network connection

ERROR:    Application startup failed. Exiting.
WARNING:  WatchFiles detected changes in 'tests\print_learn\test_p04_native_selection_gates.py', 'src\print\resources\selection.py'. Reloading...
C:\Projects\lectio\apps\textbook-agent\backend\src\contracts\generation_manifest.py:6: UserWarning: Field name "schema" in "GenerationFieldContract" shadows an attribute in parent "BaseModel"
  class GenerationFieldContract(BaseModel):
INFO:     Started server process [19380]
INFO:     Waiting for application startup.
ERROR:    Traceback (most recent call last):
  File "C:\Projects\lectio\apps\textbook-agent\backend\.venv\Lib\site-packages\starlette\routing.py", line 638, in lifespan
    async with self.lifespan_context(app) as maybe_state:
  File "C:\Users\richi\AppData\Roaming\uv\python\cpython-3.11-windows-x86_64-none\Lib\contextlib.py", line 210, in __aenter__
    return await anext(self.gen)
           ^^^^^^^^^^^^^^^^^^^^^
  File "C:\Projects\lectio\apps\textbook-agent\backend\.venv\Lib\site-packages\fastapi\routing.py", line 240, in merged_lifespan
    async with original_context(app) as maybe_original_state:
  File "C:\Users\richi\AppData\Roaming\uv\python\cpython-3.11-windows-x86_64-none\Lib\contextlib.py", line 210, in __aenter__
    return await anext(self.gen)
           ^^^^^^^^^^^^^^^^^^^^^
  File "C:\Projects\lectio\apps\textbook-agent\backend\.venv\Lib\site-packages\fastapi\routing.py", line 240, in merged_lifespan
    async with original_context(app) as maybe_original_state:
  File "C:\Users\richi\AppData\Roaming\uv\python\cpython-3.11-windows-x86_64-none\Lib\contextlib.py", line 210, in __aenter__
    return await anext(self.gen)
           ^^^^^^^^^^^^^^^^^^^^^
  File "C:\Projects\lectio\apps\textbook-agent\backend\.venv\Lib\site-packages\fastapi\routing.py", line 240, in merged_lifespan
    async with original_context(app) as maybe_original_state:
  File "C:\Users\richi\AppData\Roaming\uv\python\cpython-3.11-windows-x86_64-none\Lib\contextlib.py", line 210, in __aenter__
    return await anext(self.gen)
           ^^^^^^^^^^^^^^^^^^^^^
  File "C:\Projects\lectio\apps\textbook-agent\backend\.venv\Lib\site-packages\fastapi\routing.py", line 240, in merged_lifespan
    async with original_context(app) as maybe_original_state:
  File "C:\Users\richi\AppData\Roaming\uv\python\cpython-3.11-windows-x86_64-none\Lib\contextlib.py", line 210, in __aenter__
    return await anext(self.gen)
           ^^^^^^^^^^^^^^^^^^^^^
  File "C:\Projects\lectio\apps\textbook-agent\backend\.venv\Lib\site-packages\fastapi\routing.py", line 240, in merged_lifespan
    async with original_context(app) as maybe_original_state:
  File "C:\Users\richi\AppData\Roaming\uv\python\cpython-3.11-windows-x86_64-none\Lib\contextlib.py", line 210, in __aenter__
    return await anext(self.gen)
           ^^^^^^^^^^^^^^^^^^^^^
  File "C:\Projects\lectio\apps\textbook-agent\backend\.venv\Lib\site-packages\fastapi\routing.py", line 240, in merged_lifespan
    async with original_context(app) as maybe_original_state:
  File "C:\Users\richi\AppData\Roaming\uv\python\cpython-3.11-windows-x86_64-none\Lib\contextlib.py", line 210, in __aenter__
    return await anext(self.gen)
           ^^^^^^^^^^^^^^^^^^^^^
  File "C:\Projects\lectio\apps\textbook-agent\backend\.venv\Lib\site-packages\fastapi\routing.py", line 240, in merged_lifespan
    async with original_context(app) as maybe_original_state:
  File "C:\Users\richi\AppData\Roaming\uv\python\cpython-3.11-windows-x86_64-none\Lib\contextlib.py", line 210, in __aenter__
    return await anext(self.gen)
           ^^^^^^^^^^^^^^^^^^^^^
  File "C:\Projects\lectio\apps\textbook-agent\backend\.venv\Lib\site-packages\fastapi\routing.py", line 240, in merged_lifespan
    async with original_context(app) as maybe_original_state:
  File "C:\Users\richi\AppData\Roaming\uv\python\cpython-3.11-windows-x86_64-none\Lib\contextlib.py", line 210, in __aenter__
    return await anext(self.gen)
           ^^^^^^^^^^^^^^^^^^^^^
  File "C:\Projects\lectio\apps\textbook-agent\backend\.venv\Lib\site-packages\fastapi\routing.py", line 240, in merged_lifespan
    async with original_context(app) as maybe_original_state:
  File "C:\Users\richi\AppData\Roaming\uv\python\cpython-3.11-windows-x86_64-none\Lib\contextlib.py", line 210, in __aenter__
    return await anext(self.gen)
           ^^^^^^^^^^^^^^^^^^^^^
  File "C:\Projects\lectio\apps\textbook-agent\backend\.venv\Lib\site-packages\fastapi\routing.py", line 240, in merged_lifespan
    async with original_context(app) as maybe_original_state:
  File "C:\Users\richi\AppData\Roaming\uv\python\cpython-3.11-windows-x86_64-none\Lib\contextlib.py", line 210, in __aenter__
    return await anext(self.gen)
           ^^^^^^^^^^^^^^^^^^^^^
  File "C:\Projects\lectio\apps\textbook-agent\backend\.venv\Lib\site-packages\fastapi\routing.py", line 240, in merged_lifespan
    async with original_context(app) as maybe_original_state:
  File "C:\Users\richi\AppData\Roaming\uv\python\cpython-3.11-windows-x86_64-none\Lib\contextlib.py", line 210, in __aenter__
    return await anext(self.gen)
           ^^^^^^^^^^^^^^^^^^^^^
  File "C:\Projects\lectio\apps\textbook-agent\backend\.venv\Lib\site-packages\fastapi\routing.py", line 240, in merged_lifespan
    async with original_context(app) as maybe_original_state:
  File "C:\Users\richi\AppData\Roaming\uv\python\cpython-3.11-windows-x86_64-none\Lib\contextlib.py", line 210, in __aenter__
    return await anext(self.gen)
           ^^^^^^^^^^^^^^^^^^^^^
  File "C:\Projects\lectio\apps\textbook-agent\backend\.venv\Lib\site-packages\fastapi\routing.py", line 240, in merged_lifespan
    async with original_context(app) as maybe_original_state:
  File "C:\Users\richi\AppData\Roaming\uv\python\cpython-3.11-windows-x86_64-none\Lib\contextlib.py", line 210, in __aenter__
    return await anext(self.gen)
           ^^^^^^^^^^^^^^^^^^^^^
  File "C:\Projects\lectio\apps\textbook-agent\backend\.venv\Lib\site-packages\fastapi\routing.py", line 240, in merged_lifespan
    async with original_context(app) as maybe_original_state:
  File "C:\Users\richi\AppData\Roaming\uv\python\cpython-3.11-windows-x86_64-none\Lib\contextlib.py", line 210, in __aenter__
    return await anext(self.gen)
           ^^^^^^^^^^^^^^^^^^^^^
  File "C:\Projects\lectio\apps\textbook-agent\backend\.venv\Lib\site-packages\fastapi\routing.py", line 240, in merged_lifespan
    async with original_context(app) as maybe_original_state:
  File "C:\Users\richi\AppData\Roaming\uv\python\cpython-3.11-windows-x86_64-none\Lib\contextlib.py", line 210, in __aenter__
    return await anext(self.gen)
           ^^^^^^^^^^^^^^^^^^^^^
  File "C:\Projects\lectio\apps\textbook-agent\backend\.venv\Lib\site-packages\fastapi\routing.py", line 240, in merged_lifespan
    async with original_context(app) as maybe_original_state:
  File "C:\Users\richi\AppData\Roaming\uv\python\cpython-3.11-windows-x86_64-none\Lib\contextlib.py", line 210, in __aenter__
    return await anext(self.gen)
           ^^^^^^^^^^^^^^^^^^^^^
  File "C:\Projects\lectio\apps\textbook-agent\backend\src\app.py", line 231, in lifespan
    await asyncio.to_thread(upgrade_database)
  File "C:\Users\richi\AppData\Roaming\uv\python\cpython-3.11-windows-x86_64-none\Lib\asyncio\threads.py", line 25, in to_thread
    return await loop.run_in_executor(None, func_call)
           ^^^^^^^^^^^^^^^^^^^^^^^^^^^^^^^^^^^^^^^^^^^
  File "C:\Users\richi\AppData\Roaming\uv\python\cpython-3.11-windows-x86_64-none\Lib\concurrent\futures\thread.py", line 58, in run
    result = self.fn(*self.args, **self.kwargs)
             ^^^^^^^^^^^^^^^^^^^^^^^^^^^^^^^^^^
  File "C:\Projects\lectio\apps\textbook-agent\backend\src\infra\database\migrations\runner.py", line 43, in upgrade_database
    command.upgrade(_alembic_config(), revision)
  File "C:\Projects\lectio\apps\textbook-agent\backend\.venv\Lib\site-packages\alembic\command.py", line 483, in upgrade
    script.run_env()
  File "C:\Projects\lectio\apps\textbook-agent\backend\.venv\Lib\site-packages\alembic\script\base.py", line 545, in run_env
    util.load_python_file(self.dir, "env.py")
  File "C:\Projects\lectio\apps\textbook-agent\backend\.venv\Lib\site-packages\alembic\util\pyfiles.py", line 116, in load_python_file
    module = load_module_py(module_id, path)
             ^^^^^^^^^^^^^^^^^^^^^^^^^^^^^^^
  File "C:\Projects\lectio\apps\textbook-agent\backend\.venv\Lib\site-packages\alembic\util\pyfiles.py", line 136, in load_module_py
    spec.loader.exec_module(module)  # type: ignore
    ^^^^^^^^^^^^^^^^^^^^^^^^^^^^^^^
  File "<frozen importlib._bootstrap_external>", line 940, in exec_module
  File "<frozen importlib._bootstrap>", line 241, in _call_with_frames_removed
  File "C:\Projects\lectio\apps\textbook-agent\backend\src\infra\database\migrations\env.py", line 69, in <module>
    asyncio.run(run_migrations_online())
  File "C:\Users\richi\AppData\Roaming\uv\python\cpython-3.11-windows-x86_64-none\Lib\asyncio\runners.py", line 190, in run
    return runner.run(main)
           ^^^^^^^^^^^^^^^^
  File "C:\Users\richi\AppData\Roaming\uv\python\cpython-3.11-windows-x86_64-none\Lib\asyncio\runners.py", line 118, in run
    return self._loop.run_until_complete(task)
           ^^^^^^^^^^^^^^^^^^^^^^^^^^^^^^^^^^^
  File "C:\Users\richi\AppData\Roaming\uv\python\cpython-3.11-windows-x86_64-none\Lib\asyncio\base_events.py", line 654, in run_until_complete
    return future.result()
           ^^^^^^^^^^^^^^^
  File "C:\Projects\lectio\apps\textbook-agent\backend\src\infra\database\migrations\env.py", line 60, in run_migrations_online
    async with connectable.connect() as connection:
  File "C:\Projects\lectio\apps\textbook-agent\backend\.venv\Lib\site-packages\sqlalchemy\ext\asyncio\base.py", line 121, in __aenter__
    return await self.start(is_ctxmanager=True)
           ^^^^^^^^^^^^^^^^^^^^^^^^^^^^^^^^^^^^
  File "C:\Projects\lectio\apps\textbook-agent\backend\.venv\Lib\site-packages\sqlalchemy\ext\asyncio\engine.py", line 275, in start
    await greenlet_spawn(self.sync_engine.connect)
  File "C:\Projects\lectio\apps\textbook-agent\backend\.venv\Lib\site-packages\sqlalchemy\util\_concurrency_py3k.py", line 201, in greenlet_spawn
    result = context.throw(*sys.exc_info())
             ^^^^^^^^^^^^^^^^^^^^^^^^^^^^^^
  File "C:\Projects\lectio\apps\textbook-agent\backend\.venv\Lib\site-packages\sqlalchemy\engine\base.py", line 3293, in connect
    return self._connection_cls(self)
           ^^^^^^^^^^^^^^^^^^^^^^^^^^
  File "C:\Projects\lectio\apps\textbook-agent\backend\.venv\Lib\site-packages\sqlalchemy\engine\base.py", line 143, in __init__
    self._dbapi_connection = engine.raw_connection()
                             ^^^^^^^^^^^^^^^^^^^^^^^
  File "C:\Projects\lectio\apps\textbook-agent\backend\.venv\Lib\site-packages\sqlalchemy\engine\base.py", line 3317, in raw_connection
    return self.pool.connect()
           ^^^^^^^^^^^^^^^^^^^
  File "C:\Projects\lectio\apps\textbook-agent\backend\.venv\Lib\site-packages\sqlalchemy\pool\base.py", line 448, in connect
    return _ConnectionFairy._checkout(self)
           ^^^^^^^^^^^^^^^^^^^^^^^^^^^^^^^^
  File "C:\Projects\lectio\apps\textbook-agent\backend\.venv\Lib\site-packages\sqlalchemy\pool\base.py", line 1272, in _checkout
    fairy = _ConnectionRecord.checkout(pool)
            ^^^^^^^^^^^^^^^^^^^^^^^^^^^^^^^^
  File "C:\Projects\lectio\apps\textbook-agent\backend\.venv\Lib\site-packages\sqlalchemy\pool\base.py", line 712, in checkout
    rec = pool._do_get()
          ^^^^^^^^^^^^^^
  File "C:\Projects\lectio\apps\textbook-agent\backend\.venv\Lib\site-packages\sqlalchemy\pool\impl.py", line 306, in _do_get
    return self._create_connection()
           ^^^^^^^^^^^^^^^^^^^^^^^^^
  File "C:\Projects\lectio\apps\textbook-agent\backend\.venv\Lib\site-packages\sqlalchemy\pool\base.py", line 389, in _create_connection
    return _ConnectionRecord(self)
           ^^^^^^^^^^^^^^^^^^^^^^^
  File "C:\Projects\lectio\apps\textbook-agent\backend\.venv\Lib\site-packages\sqlalchemy\pool\base.py", line 674, in __init__
    self.__connect()
  File "C:\Projects\lectio\apps\textbook-agent\backend\.venv\Lib\site-packages\sqlalchemy\pool\base.py", line 900, in __connect
    with util.safe_reraise():
  File "C:\Projects\lectio\apps\textbook-agent\backend\.venv\Lib\site-packages\sqlalchemy\util\langhelpers.py", line 121, in __exit__
    raise exc_value.with_traceback(exc_tb)
  File "C:\Projects\lectio\apps\textbook-agent\backend\.venv\Lib\site-packages\sqlalchemy\pool\base.py", line 896, in __connect
    self.dbapi_connection = connection = pool._invoke_creator(self)
                                         ^^^^^^^^^^^^^^^^^^^^^^^^^^
  File "C:\Projects\lectio\apps\textbook-agent\backend\.venv\Lib\site-packages\sqlalchemy\engine\create.py", line 667, in connect
    return dialect.connect(*cargs_tup, **cparams)
           ^^^^^^^^^^^^^^^^^^^^^^^^^^^^^^^^^^^^^^
  File "C:\Projects\lectio\apps\textbook-agent\backend\.venv\Lib\site-packages\sqlalchemy\engine\default.py", line 630, in connect
    return self.loaded_dbapi.connect(*cargs, **cparams)  # type: ignore[no-any-return]  # NOQA: E501
           ^^^^^^^^^^^^^^^^^^^^^^^^^^^^^^^^^^^^^^^^^^^^
  File "C:\Projects\lectio\apps\textbook-agent\backend\.venv\Lib\site-packages\sqlalchemy\dialects\postgresql\asyncpg.py", line 955, in connect
    await_only(creator_fn(*arg, **kw)),
    ^^^^^^^^^^^^^^^^^^^^^^^^^^^^^^^^^^
  File "C:\Projects\lectio\apps\textbook-agent\backend\.venv\Lib\site-packages\sqlalchemy\util\_concurrency_py3k.py", line 132, in await_only
    return current.parent.switch(awaitable)  # type: ignore[no-any-return,attr-defined] # noqa: E501
           ^^^^^^^^^^^^^^^^^^^^^^^^^^^^^^^^
  File "C:\Projects\lectio\apps\textbook-agent\backend\.venv\Lib\site-packages\sqlalchemy\util\_concurrency_py3k.py", line 196, in greenlet_spawn
    value = await result
            ^^^^^^^^^^^^
  File "C:\Projects\lectio\apps\textbook-agent\backend\.venv\Lib\site-packages\asyncpg\connection.py", line 2443, in connect
    return await connect_utils._connect(
           ^^^^^^^^^^^^^^^^^^^^^^^^^^^^^
  File "C:\Projects\lectio\apps\textbook-agent\backend\.venv\Lib\site-packages\asyncpg\connect_utils.py", line 1249, in _connect
    raise last_error or exceptions.TargetServerAttributeNotMatched(
  File "C:\Projects\lectio\apps\textbook-agent\backend\.venv\Lib\site-packages\asyncpg\connect_utils.py", line 1218, in _connect
    conn = await _connect_addr(
           ^^^^^^^^^^^^^^^^^^^^
  File "C:\Projects\lectio\apps\textbook-agent\backend\.venv\Lib\site-packages\asyncpg\connect_utils.py", line 1054, in _connect_addr
    return await __connect_addr(params, True, *args)
           ^^^^^^^^^^^^^^^^^^^^^^^^^^^^^^^^^^^^^^^^^
  File "C:\Projects\lectio\apps\textbook-agent\backend\.venv\Lib\site-packages\asyncpg\connect_utils.py", line 1099, in __connect_addr
    tr, pr = await connector
             ^^^^^^^^^^^^^^^
  File "C:\Projects\lectio\apps\textbook-agent\backend\.venv\Lib\site-packages\asyncpg\connect_utils.py", line 969, in _create_ssl_connection
    tr, pr = await loop.create_connection(
             ^^^^^^^^^^^^^^^^^^^^^^^^^^^^^
  File "C:\Users\richi\AppData\Roaming\uv\python\cpython-3.11-windows-x86_64-none\Lib\asyncio\base_events.py", line 1086, in create_connection
    raise exceptions[0]
  File "C:\Users\richi\AppData\Roaming\uv\python\cpython-3.11-windows-x86_64-none\Lib\asyncio\base_events.py", line 1070, in create_connection
    sock = await self._connect_sock(
           ^^^^^^^^^^^^^^^^^^^^^^^^^
  File "C:\Users\richi\AppData\Roaming\uv\python\cpython-3.11-windows-x86_64-none\Lib\asyncio\base_events.py", line 974, in _connect_sock
    await self.sock_connect(sock, address)
  File "C:\Users\richi\AppData\Roaming\uv\python\cpython-3.11-windows-x86_64-none\Lib\asyncio\proactor_events.py", line 726, in sock_connect
    return await self._proactor.connect(sock, address)
           ^^^^^^^^^^^^^^^^^^^^^^^^^^^^^^^^^^^^^^^^^^^
  File "C:\Users\richi\AppData\Roaming\uv\python\cpython-3.11-windows-x86_64-none\Lib\asyncio\windows_events.py", line 854, in _poll
    value = callback(transferred, key, ov)
            ^^^^^^^^^^^^^^^^^^^^^^^^^^^^^^
  File "C:\Users\richi\AppData\Roaming\uv\python\cpython-3.11-windows-x86_64-none\Lib\asyncio\windows_events.py", line 641, in finish_connect
    ov.getresult()
ConnectionRefusedError: [WinError 1225] The remote computer refused the network connection

ERROR:    Application startup failed. Exiting.
